DateTime,"WEAVER_WE2_ACTIVE_POWER","WEAVER_WE3_ACTIVE_POWER","WEAVER_WE5_ACTIVE_POWER","WEAVER_WE6_ACTIVE_POWER","WEAVER_WE7_ACTIVE_POWER","WEAVER_WE8_APPARENT_POWER","WEAVER_WE10_ACTIVE_POWER","WEAVER_WE12_ACTIVE_POWER","WEAVER_WE14_ACTIVE_POWER","WEAVER_WE15_ACTIVE_POWER"
2021-02-12 00:00:01,0.3976000249385834,0.6494000554084778,0.7620000243186951,0.48600003123283386,0.25630003213882446,0,0.915600061416626,0.027000000700354576,1.4462001323699951,0.2404000163078308
2021-02-12 00:14:25,0.3653000295162201,0.6109000444412231,0.8345000147819519,0.457800030708313,0.27470001578330994,0,0.9812000393867493,0.02510000206530094,1.332300066947937,0.28280001878738403
2021-02-12 00:28:49,0.39250001311302185,0.6149000525474548,0.7845000624656677,0.4523000419139862,0.2710000276565552,0,1.0156000852584839,0.02510000206530094,1.3100000619888306,0.2694000005722046
2021-02-12 00:43:13,0.3606000244617462,0.6342000365257263,0.8331000804901123,0.527999997138977,0.2578999996185303,0,0.9094000458717346,0.027000000700354576,1.4505000114440918,0.2345000058412552
2021-02-12 00:57:37,0.38840001821517944,0.6342000365257263,0.8233000040054321,0.4538000524044037,0.2665000259876251,0,0.9102000594139099,0.0268000029027462,1.459800124168396,0.21990002691745758
2021-02-12 01:12:01,0.35670003294944763,0.6115000247955322,0.7709000706672668,0.5123000144958496,0.25540003180503845,0,0.9802000522613525,0.024900000542402267,1.356200098991394,0.2864000201225281
2021-02-12 01:26:25,0.35350000858306885,0.6264000535011292,0.8086000680923462,0.4540000259876251,0.27080002427101135,0,0.9655000567436218,0.0268000029027462,1.4362001419067383,0.2556000053882599
2021-02-12 01:40:49,0.3872000277042389,0.5962000489234924,0.7595000267028809,0.4773000478744507,0.2551000118255615,0,0.8994000554084778,0.024500001221895218,1.315500020980835,0.2233000099658966
2021-02-12 01:55:13,0.3800000250339508,0.6137000322341919,0.8078000545501709,0.4254000186920166,0.25450000166893005,0,0.9579000473022461,0.026400001719594002,1.4037001132965088,0.23350000381469727
2021-02-12 02:09:37,0.32370004057884216,0.5991000533103943,0.7523000240325928,0.4839000105857849,0.26750001311302185,0,0.8816000819206238,0.02460000105202198,1.302700161933899,0.1956000179052353
2021-02-12 02:24:01,0.3499000072479248,0.598800003528595,0.7712000608444214,0.4317000210285187,0.2720000147819519,0,0.9342000484466553,0.024500001221895218,1.3964000940322876,0.23840002715587616
2021-02-12 02:38:25,0.3183000385761261,0.6185000538825989,0.8278000354766846,0.4628000259399414,0.20310001075267792,0,0.8766000866889954,0.02630000188946724,1.2970000505447388,0.19460001587867737
2021-02-12 02:52:49,0.320900022983551,0.597000002861023,0.8169000744819641,0.516200065612793,0.20520000159740448,0,0.8752000331878662,0.02630000188946724,1.297200083732605,0.20260001718997955
2021-02-12 03:07:13,0.3571000099182129,0.6162000298500061,0.755600094795227,0.4157000184059143,0.2175000160932541,0,0.9426000714302063,0.024400001391768456,1.405500054359436,0.17480000853538513
2021-02-12 03:21:37,0.32680004835128784,0.6100000143051147,0.7678000330924988,0.5235000252723694,0.21770000457763672,0,0.8715000152587891,0.02630000188946724,1.303800106048584,0.20890001952648163
2021-02-12 03:36:01,0.352400004863739,0.5910000205039978,0.8391000628471375,0.4433000385761261,0.2013000100851059,0,0.943600058555603,0.024500001221895218,1.424200177192688,0.17590001225471497
2021-02-12 03:50:25,0.352400004863739,0.5938000082969666,0.7815000414848328,0.4659000039100647,0.2022000104188919,0,0.8962000608444214,0.02630000188946724,1.319100022315979,0.17340001463890076
2021-02-12 04:04:49,0.3242000341415405,0.6154000759124756,0.857900083065033,0.44280004501342773,0.21410001814365387,0,0.9844000935554504,0.024500001221895218,1.5178000926971436,0.22580000758171082
2021-02-12 04:19:13,0.3249000012874603,0.6192000508308411,0.8233000040054321,0.46950003504753113,0.2272000014781952,0,0.9288000464439392,0.02630000188946724,1.5065001249313354,0.1973000168800354
2021-02-12 04:33:37,0.3548000454902649,0.5282000303268433,0.8939000964164734,0.4229000210762024,0.20190002024173737,0,0.9752000570297241,0.024500001221895218,1.3302001953125,0.20580001175403595
2021-02-12 04:48:01,0.32030004262924194,0.5306000709533691,0.8529000878334045,0.41940000653266907,0.21940001845359802,0,0.9308000206947327,0.024400001391768456,1.299700140953064,0.19460001587867737
2021-02-12 05:02:25,0.6886000633239746,0.5501000881195068,1.008600115776062,0.5186000466346741,0.20330001413822174,0,1.0059000253677368,0.02630000188946724,1.5926001071929932,0.2306000143289566
2021-02-12 05:16:49,0.6650000214576721,0.5326000452041626,1.008500099182129,0.44300001859664917,0.2159000188112259,0,1.0106000900268555,0.024400001391768456,1.5469001531600952,0.20550000667572021
2021-02-12 05:31:13,0.7005000114440918,0.5782999992370605,0.9709000587463379,0.4945000112056732,0.20110002160072327,0,0.9545000195503235,0.02630000188946724,1.3644001483917236,0.257500022649765
2021-02-12 05:45:37,0.6737000346183777,0.5474000573158264,1.0367001295089722,0.4448000490665436,0.20020000636577606,0,0.9628000259399414,0.024500001221895218,1.5405000448226929,0.21960002183914185
2021-02-12 06:00:01,0.7206000685691833,0.5999000668525696,0.9671000838279724,0.48980003595352173,0.25440001487731934,0,1.0997000932693481,0.026400001719594002,1.3686000108718872,0.2759000062942505
2021-02-12 06:14:25,0.701900064945221,0.5677000284194946,1.0092999935150146,0.44440001249313354,0.25300002098083496,0,1.0384000539779663,0.024500001221895218,1.3695000410079956,0.281900018453598
2021-02-12 06:28:49,0.7336000800132751,0.6100000143051147,1.1002001762390137,0.5602999925613403,0.2694000005722046,0,1.1033000946044922,0.026500001549720764,1.533000111579895,0.2443000078201294
2021-02-12 06:43:13,0.7350000143051147,0.5754000544548035,1.002600073814392,0.46400001645088196,0.2573000192642212,0,1.049800157546997,0.02460000105202198,1.3964000940322876,0.24540002644062042
2021-02-12 06:57:37,0.7020000219345093,0.6650000214576721,1.0855000019073486,0.5464000701904297,0.31839999556541443,0,1.1325000524520874,0.026500001549720764,1.6047002077102661,0.2677000164985657
2021-02-12 07:12:01,0.7286000847816467,0.6354000568389893,1.0893001556396484,0.458700031042099,0.289000004529953,0,1.035099983215332,0.024700002744793892,1.408400058746338,0.2898000180721283
2021-02-12 07:26:25,0.7035000324249268,0.6614000797271729,0.998400092124939,0.5469000339508057,0.3117000162601471,0,1.1112000942230225,0.026500001549720764,1.5822001695632935,0.25300002098083496
2021-02-12 07:40:49,0.7104000449180603,0.6447000503540039,1.0232000350952148,0.4895000159740448,0.2883000373840332,0,1.0518001317977905,0.026500001549720764,1.6065000295639038,0.29350000619888306
2021-02-12 07:55:13,0.7446000576019287,0.7046000957489014,1.1318000555038452,0.5712000131607056,0.3712000250816345,0,1.1528000831604004,0.02290000021457672,1.391300082206726,0.24750001728534698
2021-02-12 08:09:37,0.7152000665664673,0.7062000632286072,1.0766000747680664,0.5005000233650208,0.3750000298023224,0,1.194000005722046,0.024700002744793892,1.5886000394821167,0.25300002098083496
2021-02-12 08:24:01,0.7656000852584839,0.6737000346183777,0.9851000905036926,0.5512000322341919,0.3458000421524048,0,1.0592001676559448,0.022700002416968346,1.4236000776290894,0.31050002574920654
2021-02-12 08:38:25,0.7476000785827637,0.7298000454902649,0.992400050163269,0.5017000436782837,0.3630000054836273,0,1.1606000661849976,0.022700002416968346,1.4290000200271606,0.25460001826286316
2021-02-12 08:52:49,0.7178000211715698,0.6720000505447388,1.1051000356674194,0.5529000759124756,0.3458999991416931,0,1.0744000673294067,0.024500001221895218,1.617400050163269,0.2832000255584717
2021-02-12 09:07:13,0.71670001745224,0.6782000660896301,1.0667001008987427,0.5122000575065613,0.34130004048347473,0,1.097000002861023,0.024500001221895218,1.650800108909607,0.2549000084400177
2021-02-12 09:21:37,0.7494000792503357,0.7549000382423401,0.9952000379562378,0.5652999877929688,0.3598000407218933,0,1.1572000980377197,0.022600000724196434,1.443600058555603,0.3088000416755676
2021-02-12 09:36:01,0.7527000308036804,0.751300036907196,1.0246000289916992,0.587100088596344,0.3466000258922577,0,1.0774000883102417,0.02510000206530094,1.6953001022338867,0.2583000361919403
2021-02-12 09:50:25,0.7165000438690186,0.7021000981330872,0.9399000406265259,0.5206000804901123,0.3839000165462494,0,1.1921000480651855,0.023200001567602158,1.501400113105774,0.2971000075340271
2021-02-12 10:04:49,0.720300018787384,0.7146000862121582,0.9926000833511353,0.5647000670433044,0.35260000824928284,0,1.1268000602722168,0.02330000139772892,1.7166000604629517,0.2617000341415405
2021-02-12 10:19:13,0.7537000775337219,0.7532000541687012,1.0730000734329224,0.5088000297546387,0.3776000142097473,0,1.2339000701904297,0.025200001895427704,1.4478001594543457,0.336899995803833
2021-02-12 10:33:37,0.7567000389099121,0.7839000821113586,1.06440007686615,0.5232000350952148,0.3776000142097473,0,1.1498000621795654,0.02330000139772892,1.4175000190734863,0.3028000295162201
2021-02-12 10:48:01,0.7219000458717346,0.734000027179718,1.013100028038025,0.5676000714302063,0.3548000454902649,0,1.2375000715255737,0.025300001725554466,1.6542001962661743,0.26280003786087036
2021-02-12 11:02:25,0.7291000485420227,0.7695000171661377,1.0931000709533691,0.5691000819206238,0.3857000172138214,0,1.157900094985962,0.023400001227855682,1.6175000667572021,0.2661000192165375
2021-02-12 11:16:49,0.7585000395774841,0.7268000245094299,0.9876000881195068,0.516200065612793,0.35130003094673157,0,1.284500002861023,0.02550000138580799,1.417700171470642,0.31210002303123474
2021-02-12 11:31:13,0.7575000524520874,0.7643000483512878,0.9666000604629517,0.5243000388145447,0.3517000377178192,0,1.341300129890442,0.02550000138580799,1.459800124168396,0.2990000247955322
2021-02-12 11:45:37,0.7307000756263733,0.7201000452041626,1.1137001514434814,0.6059000492095947,0.38989999890327454,0,1.2236000299453735,0.023600000888109207,1.6644001007080078,0.2631000280380249
2021-02-12 12:00:01,0.7297000288963318,0.7689000368118286,1.0671000480651855,0.5777000188827515,0.37230002880096436,0,1.313099980354309,0.023600000888109207,1.6940001249313354,0.29840001463890076
2021-02-12 12:14:25,0.764400064945221,0.7076000571250916,0.9867000579833984,0.5214000344276428,0.35100001096725464,0,1.2115000486373901,0.02550000138580799,1.415200114250183,0.265500009059906
2021-02-12 12:28:49,0.732900083065033,0.7147000432014465,1.0398000478744507,0.5646000504493713,0.37139999866485596,0,1.1815999746322632,0.023600000888109207,1.4140000343322754,0.3110000193119049
2021-02-12 12:43:13,0.7829000353813171,0.7755000591278076,0.9762000441551208,0.5157999992370605,0.3508000373840332,0,1.2844001054763794,0.02550000138580799,1.6485000848770142,0.2622000277042389
2021-02-12 12:57:37,0.7325000166893005,0.7278000116348267,0.9670000672340393,0.5634000301361084,0.35450002551078796,0,1.2822000980377197,0.02550000138580799,1.6548001766204834,0.29750001430511475
2021-02-12 13:12:01,0.7669000625610352,0.7967000603675842,1.0382001399993896,0.516700029373169,0.38690000772476196,0,1.1858000755310059,0.02330000139772892,1.4512001276016235,0.2580000162124634
2021-02-12 13:26:25,0.7323000431060791,0.7783000469207764,0.9926000833511353,0.514400064945221,0.3809000253677368,0,1.2923001050949097,0.02510000206530094,1.446000099182129,0.2591000199317932
2021-02-12 13:40:49,0.7686000466346741,0.7315000295639038,1.0640000104904175,0.6051000356674194,0.3540000021457672,0,1.1920000314712524,0.023200001567602158,1.617400050163269,0.3166000247001648
2021-02-12 13:55:13,0.7315000295639038,0.7250000238418579,0.9903000593185425,0.5945000052452087,0.35510003566741943,0,1.2990000247955322,0.023200001567602158,1.6398000717163086,0.29580003023147583
2021-02-12 14:09:37,0.7628000378608704,0.7904000878334045,1.0632001161575317,0.508400022983551,0.46870002150535583,0,1.2005000114440918,0.02510000206530094,1.4463001489639282,0.2590000033378601
2021-02-12 14:24:01,0.726900041103363,0.7656000852584839,0.9741000533103943,0.5075000524520874,0.48190000653266907,0,1.1982001066207886,0.023200001567602158,1.4591000080108643,0.30300000309944153
2021-02-12 14:38:25,0.759600043296814,0.716200053691864,1.0558000802993774,0.5498000383377075,0.4431000351905823,0,1.2884000539779663,0.025200001895427704,1.6653001308441162,0.25600001215934753
2021-02-12 14:52:49,0.7259000539779663,0.720300018787384,0.9526000618934631,0.5380000472068787,0.46550002694129944,0,1.194000005722046,0.02330000139772892,1.429900050163269,0.3225000202655792
2021-02-12 15:07:13,0.7666000723838806,0.7780000567436218,1.0192999839782715,0.5009000301361084,0.45280003547668457,0,1.2896000146865845,0.025200001895427704,1.699600100517273,0.26110002398490906
2021-02-12 15:21:37,0.7654000520706177,0.7866000533103943,1.0202000141143799,0.5692999958992004,0.4644000232219696,0,1.2009000778198242,0.025200001895427704,1.6633001565933228,0.2523000240325928
2021-02-12 15:36:01,0.7297000288963318,0.7294000387191772,0.9345000386238098,0.4913000464439392,0.4491000175476074,0,1.2831000089645386,0.023200001567602158,1.503600001335144,0.2928999960422516
2021-02-12 15:50:25,0.7595000267028809,0.7564000487327576,0.9784000515937805,0.526900053024292,0.44790002703666687,0,1.2939001321792603,0.023200001567602158,1.4932001829147339,0.25450000166893005
2021-02-12 16:04:49,0.7213000059127808,0.6999000310897827,0.9105000495910645,0.49580004811286926,0.4669000208377838,0,1.188900113105774,0.02510000206530094,1.7037001848220825,0.3021000325679779
2021-02-12 16:19:13,0.7209000587463379,0.7405000329017639,0.910800039768219,0.48340001702308655,0.4637000262737274,0,1.3024001121520996,0.02510000206530094,1.478600025177002,0.30240002274513245
2021-02-12 16:33:37,0.7519000768661499,0.7120000123977661,0.9811000823974609,0.5244000554084778,0.4473000466823578,0,1.178200125694275,0.023200001567602158,1.6581000089645386,0.25780004262924194
2021-02-12 16:48:01,0.7168000340461731,0.7008000016212463,0.9979000687599182,0.5291000604629517,0.4702000319957733,0,1.240700125694275,0.023200001567602158,1.662000060081482,0.2531999945640564
2021-02-12 17:02:25,0.7461000680923462,0.7698000073432922,0.906000018119812,0.4775000214576721,0.32510003447532654,0,1.169600009918213,0.02500000037252903,1.4564000368118286,0.3022000193595886
2021-02-12 17:16:49,0.7168000340461731,0.7212000489234924,0.9446001052856445,0.5212000608444214,0.32350000739097595,0,1.1569000482559204,0.023200001567602158,1.7234001159667969,0.25360003113746643
2021-02-12 17:31:13,0.7441000938415527,0.7597000598907471,0.8828000426292419,0.47520002722740173,0.34450000524520874,0,1.3132001161575317,0.02510000206530094,1.4423000812530518,0.29989999532699585
2021-02-12 17:45:37,0.7503000497817993,0.7439000606536865,0.8977000713348389,0.48600003123283386,0.33640000224113464,0,1.2664000988006592,0.02500000037252903,1.5246000289916992,0.257500022649765
2021-02-12 18:00:01,0.7193000316619873,0.7032999992370605,0.9636000990867615,0.5228000283241272,0.29200002551078796,0,1.185900092124939,0.0268000029027462,1.6814000606536865,0.30310001969337463
2021-02-12 18:14:25,0.7473000288009644,0.7680000066757202,0.9279000759124756,0.5331000685691833,0.31450000405311584,0,1.2458001375198364,0.026900000870227814,1.6577001810073853,0.3034000098705292
2021-02-12 18:28:49,0.7207000255584717,0.6890000104904175,1.0023000240325928,0.48660004138946533,0.29260000586509705,0,1.1819000244140625,0.02500000037252903,1.4698001146316528,0.2559000253677368
2021-02-12 18:43:13,0.7520000338554382,0.7287000417709351,0.9381000995635986,0.5452000498771667,0.3376000225543976,0,1.158400058746338,0.024900000542402267,1.4504001140594482,0.25950002670288086
2021-02-12 18:57:37,0.7163000106811523,0.6901000738143921,1.040600061416626,0.48020002245903015,0.2982000410556793,0,1.2681000232696533,0.0268000029027462,1.6978001594543457,0.30000001192092896
2021-02-12 19:12:01,0.7127000689506531,0.7140000462532043,1.0217000246047974,0.48090001940727234,0.3307000398635864,0,1.2584000825881958,0.0268000029027462,1.4625000953674316,0.3240000009536743
2021-02-12 19:26:25,0.7502000331878662,0.6712000370025635,0.935200035572052,0.5393000245094299,0.2998000383377075,0,1.1500999927520752,0.02500000037252903,1.715000033378601,0.25780004262924194
2021-02-12 19:40:49,0.7468000054359436,0.7003000378608704,0.9854000806808472,0.4775000214576721,0.31050002574920654,0,1.2990000247955322,0.0268000029027462,1.530500054359436,0.31050002574920654
2021-02-12 19:55:13,0.7117000222206116,0.6605000495910645,0.9249000549316406,0.5214000344276428,0.27070003747940063,0,1.1550999879837036,0.02500000037252903,1.7440000772476196,0.24710001051425934
2021-02-12 20:09:37,0.7586000561714172,0.6896000504493713,0.922700047492981,0.4611000418663025,0.2865000069141388,0,1.1639001369476318,0.02500000037252903,1.7701001167297363,0.30570003390312195
2021-02-12 20:24:01,0.7090000510215759,0.6497000455856323,0.9887000322341919,0.5182999968528748,0.24220000207424164,0,1.077200174331665,0.0268000029027462,1.48770010471344,0.2531999945640564
2021-02-12 20:38:25,0.7378000020980835,0.7071000933647156,1.0311000347137451,0.45680004358291626,0.24150000512599945,0,1.2416000366210938,0.02500000037252903,1.6879000663757324,0.2565000057220459
2021-02-12 20:52:49,0.7094000577926636,0.6449000835418701,0.9348000288009644,0.5242000222206116,0.26910001039505005,0,1.1019999980926514,0.0268000029027462,1.5314000844955444,0.3043000400066376
2021-02-12 21:07:13,0.7645000219345093,0.6814000606536865,0.9962000846862793,0.4627000391483307,0.25550001859664917,0,1.1955000162124634,0.026900000870227814,1.4611001014709473,0.30390000343322754
2021-02-12 21:21:37,0.7034000754356384,0.6371000409126282,0.8869000673294067,0.5218000411987305,0.24050001800060272,0,1.0625,0.02500000037252903,1.6857001781463623,0.25360003113746643
2021-02-12 21:36:01,0.7307000756263733,0.6291000843048096,0.8764000535011292,0.46160003542900085,0.2531999945640564,0,1.125599980354309,0.02500000037252903,1.519200086593628,0.294700026512146
2021-02-12 21:50:25,0.7047000527381897,0.662100076675415,0.9269000887870789,0.49410003423690796,0.242000013589859,0,1.0695000886917114,0.026900000870227814,1.7050000429153442,0.24630001187324524
2021-02-12 22:04:49,0.7014000415802002,0.6321000456809998,0.9432000517845154,0.4628000259399414,0.2410000115633011,0,1.0522000789642334,0.02500000037252903,1.7533001899719238,0.27470001578330994
2021-02-12 22:19:13,0.7361000776290894,0.681100070476532,0.8821001052856445,0.48500001430511475,0.2662000358104706,0,1.1531000137329102,0.026900000870227814,1.5135999917984009,0.23990002274513245
2021-02-12 22:33:37,0.740600049495697,0.6586000919342041,0.9603000283241272,0.5112000107765198,0.24080000817775726,0,1.033400058746338,0.02500000037252903,1.7272001504898071,0.23400001227855682
2021-02-12 22:48:01,0.37620002031326294,0.6331000924110413,0.8748000264167786,0.45430004596710205,0.2705000042915344,0,0.9541000723838806,0.027000000700354576,1.47160005569458,0.24960002303123474
2021-02-12 23:02:25,0.3671000301837921,0.6479000449180603,0.9183000326156616,0.46580004692077637,0.2728000283241272,0,0.9531000852584839,0.02500000037252903,1.6267001628875732,0.233800008893013
2021-02-12 23:16:49,0.3937000334262848,0.6243000030517578,0.848300039768219,0.483100026845932,0.2412000149488449,0,1.0480999946594238,0.026900000870227814,1.460300087928772,0.24870000779628754
2021-02-12 23:31:13,0.36250001192092896,0.6592000722885132,0.9309000968933105,0.48110002279281616,0.2394000142812729,0,1.0461000204086304,0.026900000870227814,1.634600043296814,0.23420000076293945
2021-02-12 23:45:37,0.39560002088546753,0.6187000274658203,0.6735000610351562,0.4564000070095062,0.257500022649765,0,0.9297000765800476,0.02500000037252903,1.4460999965667725,0.3005000054836273
2021-02-13 00:00:01,0.4092000424861908,0.6322000622749329,0.7332000732421875,0.46230003237724304,0.2387000024318695,0,0.9237000346183777,0.02500000037252903,1.4833000898361206,0.23000000417232513
2021-02-13 00:14:25,0.363800048828125,0.6579000353813171,0.7920000553131104,0.5196000337600708,0.2622000277042389,0,1.0354000329971313,0.026900000870227814,1.3054001331329346,0.24180001020431519
2021-02-13 00:28:49,0.36560001969337463,0.6321000456809998,0.7832000255584717,0.47860002517700195,0.23770001530647278,0,0.927600085735321,0.0268000029027462,1.4118001461029053,0.25860002636909485
2021-02-13 00:43:13,0.3930000066757202,0.6804000735282898,0.8618000149726868,0.45740002393722534,0.2556000053882599,0,1.0377001762390137,0.02500000037252903,1.3071000576019287,0.22840002179145813
2021-02-13 00:57:37,0.3564000129699707,0.6705000400543213,0.8193000555038452,0.4961000382900238,0.23900000751018524,0,0.9886000752449036,0.02500000037252903,1.4106000661849976,0.23840002715587616
2021-02-13 01:12:01,0.3979000151157379,0.6292000412940979,0.759600043296814,0.45980003476142883,0.26020002365112305,0,0.9085000157356262,0.0268000029027462,1.2959001064300537,0.21650001406669617
2021-02-13 01:26:25,0.3833000361919403,0.6456000804901123,0.7991001009941101,0.4749000072479248,0.25360003113746643,0,0.9224000573158264,0.0268000029027462,1.3095000982284546,0.2232000082731247
2021-02-13 01:40:49,0.35450002551078796,0.6207000613212585,0.7502000331878662,0.45270001888275146,0.2371000200510025,0,0.9912000298500061,0.02500000037252903,1.421700119972229,0.2598000168800354
2021-02-13 01:55:13,0.3793000280857086,0.6248000264167786,0.7594000697135925,0.4837000370025635,0.25110000371932983,0,0.9717000722885132,0.02500000037252903,1.3998000621795654,0.23190002143383026
2021-02-13 02:09:37,0.3263000249862671,0.6059000492095947,0.8072000741958618,0.45250001549720764,0.2345000058412552,0,0.9053000211715698,0.0268000029027462,1.285099983215332,0.19520001113414764
2021-02-13 02:24:01,0.36080002784729004,0.5949000716209412,0.7762000560760498,0.4669000208377838,0.2451000213623047,0,0.8837000727653503,0.0268000029027462,1.284500002861023,0.22610001266002655
2021-02-13 02:38:25,0.32739999890327454,0.6288000345230103,0.8362000584602356,0.4497000277042389,0.18330001831054688,0,0.9857000708580017,0.02500000037252903,1.4139001369476318,0.19600000977516174
2021-02-13 02:52:49,0.3242000341415405,0.6202000379562378,0.8368000388145447,0.465300053358078,0.2029000222682953,0,0.979900062084198,0.0268000029027462,1.4204001426696777,0.23690001666545868
2021-02-13 03:07:13,0.3533000349998474,0.5969000458717346,0.7845000624656677,0.45260003209114075,0.18300001323223114,0,0.8961001038551331,0.024900000542402267,1.282900094985962,0.17560000717639923
2021-02-13 03:21:37,0.35600000619888306,0.6208000183105469,0.8404000401496887,0.45010003447532654,0.19530001282691956,0,0.9536001086235046,0.024900000542402267,1.2781000137329102,0.2118000090122223
2021-02-13 03:36:01,0.32180002331733704,0.5950000286102295,0.7846000790596008,0.4627000391483307,0.1827000081539154,0,0.9076001048088074,0.0268000029027462,1.3899000883102417,0.17230001091957092
2021-02-13 03:50:25,0.3621000349521637,0.5595000386238098,0.7649000883102417,0.4545000195503235,0.18290001153945923,0,0.9135000705718994,0.024900000542402267,1.3089001178741455,0.17419999837875366
2021-02-13 04:04:49,0.3240000009536743,0.492900013923645,0.872200071811676,0.469400018453598,0.19630001485347748,0,0.9721000790596008,0.0268000029027462,1.4439001083374023,0.2102000117301941
2021-02-13 04:19:13,0.35780003666877747,0.5122000575065613,0.8251000642776489,0.45090001821517944,0.19830001890659332,0,0.9097000360488892,0.024900000542402267,1.4595000743865967,0.18280000984668732
2021-02-13 04:33:37,0.32440000772476196,0.4821000397205353,0.896600067615509,0.4686000347137451,0.1835000067949295,0,0.9768000245094299,0.0268000029027462,1.2905000448226929,0.17260001599788666
2021-02-13 04:48:01,0.3603000342845917,0.4839000105857849,0.8618000149726868,0.4862000346183777,0.18300001323223114,0,0.9187000393867493,0.0268000029027462,1.332300066947937,0.17500001192092896
2021-02-13 05:02:25,0.32770001888275146,0.5042000412940979,1.0106000900268555,0.4544000029563904,0.1981000155210495,0,0.9808000326156616,0.024800002574920654,1.5734001398086548,0.20940001308918
2021-02-13 05:16:49,0.3613000214099884,0.4855000376701355,0.9251000881195068,0.4538000524044037,0.1996000111103058,0,0.9445000290870667,0.02670000120997429,1.4302000999450684,0.24310001730918884
2021-02-13 05:31:13,0.3306000232696533,0.503600001335144,1.0012000799179077,0.4666000306606293,0.1802000105381012,0,1.0627001523971558,0.024900000542402267,1.614700198173523,0.17150001227855682
2021-02-13 05:45:37,0.33550000190734863,0.4854000210762024,0.9308000206947327,0.45430004596710205,0.19600000977516174,0,1.050700068473816,0.02670000120997429,1.450100064277649,0.17340001463890076
2021-02-13 06:00:01,0.3946000337600708,0.5351000428199768,1.011600136756897,0.5012000203132629,0.1794000118970871,0,0.9822000861167908,0.024800002574920654,1.6112000942230225,0.21130001544952393
2021-02-13 06:14:25,0.38930004835128784,0.514400064945221,1.0141000747680664,0.4913000464439392,0.19420000910758972,0,0.9827000498771667,0.024800002574920654,1.4653000831604004,0.18090002238750458
2021-02-13 06:28:49,0.35780003666877747,0.4960000216960907,0.9526000618934631,0.4611000418663025,0.18040001392364502,0,1.0844000577926636,0.02670000120997429,1.6159001588821411,0.19940002262592316
2021-02-13 06:43:13,0.4090000092983246,0.5006000399589539,0.9238000512123108,0.47950002551078796,0.17920000851154327,0,0.9825000762939453,0.024800002574920654,1.4619001150131226,0.2169000208377838
2021-02-13 06:57:37,0.3623000383377075,0.5176000595092773,0.9722000360488892,0.4602000415325165,0.19930000603199005,0,1.0673000812530518,0.026600001379847527,1.6246000528335571,0.17910002171993256
2021-02-13 07:12:01,0.3871000111103058,0.504300057888031,0.9076001048088074,0.5130000114440918,0.18380001187324524,0,0.9812000393867493,0.024800002574920654,1.4726001024246216,0.1794000118970871
2021-02-13 07:26:25,0.3612000346183777,0.5379000306129456,0.9806000590324402,0.45840001106262207,0.1681000143289566,0,1.1715999841690063,0.026600001379847527,1.6489001512527466,0.22030001878738403
2021-02-13 07:40:49,0.36090001463890076,0.5103000402450562,0.9343000054359436,0.5133000016212463,0.18480001389980316,0,1.0825999975204468,0.024900000542402267,1.5874000787734985,0.21070000529289246
2021-02-13 07:55:13,0.716200053691864,0.5527000427246094,0.859000027179718,0.4613000452518463,0.16990001499652863,0,1.2711000442504883,0.023000001907348633,1.418700098991394,0.1802000105381012
2021-02-13 08:09:37,0.7289000749588013,0.5393000245094299,0.8711000680923462,0.45930004119873047,0.1688000112771988,0,1.2261000871658325,0.02290000021457672,1.5127002000808716,0.18200001120567322
2021-02-13 08:24:01,0.7002000212669373,0.5778000354766846,0.932900071144104,0.5270000100135803,0.18000000715255737,0,1.428300142288208,0.024800002574920654,1.6954001188278198,0.27010002732276917
2021-02-13 08:38:25,0.7259000539779663,0.5440000295639038,0.8873000144958496,0.4601000249385834,0.17080001533031464,0,1.3590999841690063,0.024800002574920654,1.7036000490188599,0.22310002148151398
2021-02-13 08:52:49,0.6999000310897827,0.5774000287055969,0.9735000729560852,0.5026000142097473,0.1844000220298767,0,1.484300136566162,0.02290000021457672,1.5074001550674438,0.2533000111579895
2021-02-13 09:07:13,0.7229000329971313,0.5865000486373901,0.979900062084198,0.4588000476360321,0.1698000133037567,0,1.3869000673294067,0.02290000021457672,1.4871000051498413,0.2582000195980072
2021-02-13 09:21:37,0.6917999982833862,0.5511000752449036,0.8988000154495239,0.4945000112056732,0.2767000198364258,0,1.4618000984191895,0.024800002574920654,1.8380000591278076,0.22530001401901245
2021-02-13 09:36:01,0.6932000517845154,0.5588000416755676,0.9171000719070435,0.4603000283241272,0.17490001022815704,0,1.5338001251220703,0.02290000021457672,1.8174000978469849,0.23560002446174622
2021-02-13 09:50:25,0.7277000546455383,0.6580000519752502,0.9986000657081604,0.5034000277519226,0.28300002217292786,0,1.4122000932693481,0.024800002574920654,1.5482001304626465,0.2761000096797943
2021-02-13 10:04:49,0.7222999930381775,0.7055000066757202,1.0111000537872314,0.4799000024795532,0.2953999936580658,0,1.4276000261306763,0.02290000021457672,1.5088001489639282,0.241100013256073
2021-02-13 10:19:13,0.6975000500679016,0.6162000298500061,0.9080000519752502,0.4636000394821167,0.27549999952316284,0,1.537000060081482,0.024800002574920654,1.7668001651763916,0.2713000178337097
2021-02-13 10:33:37,0.6976000666618347,0.6498000025749207,0.9147000312805176,0.4994000196456909,0.27570003271102905,0,1.5493000745773315,0.02290000021457672,1.550800085067749,0.2750000059604645
2021-02-13 10:48:01,0.7230000495910645,0.71260005235672,1.0012000799179077,0.46250003576278687,0.28210002183914185,0,1.47160005569458,0.024800002574920654,1.7435001134872437,0.23570001125335693
2021-02-13 11:02:25,0.692300021648407,0.6698000431060791,0.9253000020980835,0.4824000298976898,0.28850001096725464,0,1.496000051498413,0.02290000021457672,1.571000099182129,0.2444000244140625
2021-02-13 11:16:49,0.7527000308036804,0.7128000259399414,0.9855000376701355,0.46230003237724304,0.27580001950263977,0,1.6301000118255615,0.024800002574920654,1.6984001398086548,0.2784000039100647
2021-02-13 11:31:13,0.6969000697135925,0.7145000100135803,0.9429000616073608,0.45250001549720764,0.2750000059604645,0,1.5916000604629517,0.02290000021457672,1.7096000909805298,0.2778000235557556
2021-02-13 11:45:37,0.7287999987602234,0.6699000597000122,0.8963000178337097,0.4976000189781189,0.28530004620552063,0,1.4763001203536987,0.024800002574920654,1.5053001642227173,0.24390001595020294
2021-02-13 12:00:01,0.7235000133514404,0.6617000699043274,0.9686000943183899,0.4604000151157379,0.2881000339984894,0,1.4742001295089722,0.023000001907348633,1.759600043296814,0.2427000105381012
2021-02-13 12:14:25,0.6909000277519226,0.7111000418663025,0.8987000584602356,0.4967000484466553,0.1769000142812729,0,1.5690001249313354,0.024900000542402267,1.5389001369476318,0.28530004620552063
2021-02-13 12:28:49,0.7422000765800476,0.6686000823974609,0.8754000663757324,0.48890000581741333,0.19020000100135803,0,1.5896000862121582,0.023100001737475395,1.5662001371383667,0.23850001394748688
2021-02-13 12:43:13,0.6986000537872314,0.7447000741958618,0.9458000063896179,0.44840002059936523,0.17550000548362732,0,1.4559000730514526,0.024900000542402267,1.794600009918213,0.28460001945495605
2021-02-13 12:57:37,0.7225000262260437,0.7511000633239746,0.9700000286102295,0.4844000041484833,0.17419999837875366,0,1.556900143623352,0.023100001737475395,1.8127001523971558,0.27730002999305725
2021-02-13 13:12:01,0.6938000321388245,0.68340003490448,0.9000000357627869,0.45180004835128784,0.18720000982284546,0,1.4606000185012817,0.024900000542402267,1.6676000356674194,0.24490001797676086
2021-02-13 13:26:25,0.6860000491142273,0.7259000539779663,0.9062000513076782,0.4472000300884247,0.1753000169992447,0,1.4678001403808594,0.02500000037252903,1.8270001411437988,0.289900004863739
2021-02-13 13:40:49,0.7292000651359558,0.6737000346183777,0.9916000962257385,0.47690001130104065,0.28210002183914185,0,1.563400149345398,0.023100001737475395,1.5296000242233276,0.2469000220298767
2021-02-13 13:55:13,0.6980000138282776,0.7226000428199768,0.8897000551223755,0.4545000195503235,0.2728000283241272,0,1.5477001667022705,0.023100001737475395,1.5281000137329102,0.32010000944137573
2021-02-13 14:09:37,0.7260000109672546,0.6773000359535217,0.9759000539779663,0.49710002541542053,0.2948000431060791,0,1.4608001708984375,0.02500000037252903,1.746000051498413,0.24940001964569092
2021-02-13 14:24:01,0.7287000417709351,0.7110000252723694,1.028800129890442,0.51500004529953,0.3087000250816345,0,1.5529000759124756,0.023100001737475395,1.5342001914978027,0.24830001592636108
2021-02-13 14:38:25,0.6937000155448914,0.6852999925613403,0.9132000803947449,0.45330002903938293,0.2777000367641449,0,1.4427001476287842,0.02500000037252903,1.7456001043319702,0.2842000126838684
2021-02-13 14:52:49,0.6928000450134277,0.7142000198364258,0.8967000842094421,0.5235000252723694,0.29580003023147583,0,1.4189001321792603,0.023100001737475395,1.5128000974655151,0.29590001702308655
2021-02-13 15:07:13,0.7234000563621521,0.6769000291824341,0.9643000364303589,0.4612000286579132,0.2753000259399414,0,1.5169000625610352,0.02500000037252903,1.749500036239624,0.24650001525878906
2021-02-13 15:21:37,0.7013000249862671,0.6734000444412231,0.9316000938415527,0.4601000249385834,0.2768999934196472,0,1.483700156211853,0.023100001737475395,1.5838000774383545,0.2945000231266022
2021-02-13 15:36:01,0.7240000367164612,0.7216000556945801,0.8825000524520874,0.4926000237464905,0.28850001096725464,0,1.3770999908447266,0.024900000542402267,1.728600025177002,0.2468000203371048
2021-02-13 15:50:25,0.6996000409126282,0.7131000757217407,0.9030000567436218,0.46080005168914795,0.3004000186920166,0,1.400800108909607,0.023100001737475395,1.678800106048584,0.24960002303123474
2021-02-13 16:04:49,0.7300000190734863,0.6775000095367432,0.9505000710487366,0.5005000233650208,0.2768000364303589,0,1.2365000247955322,0.023200001567602158,1.5464000701904297,0.28700000047683716
2021-02-13 16:19:13,0.7349000573158264,0.7085000276565552,0.9339000582695007,0.5037000179290771,0.28690001368522644,0,1.2886000871658325,0.024900000542402267,1.712800145149231,0.29490000009536743
2021-02-13 16:33:37,0.693600058555603,0.6676000952720642,0.8993000388145447,0.4556000232696533,0.17260001599788666,0,1.2182000875473022,0.023100001737475395,1.5252001285552979,0.2517000138759613
2021-02-13 16:48:01,0.7279000878334045,0.7127000689506531,0.946600079536438,0.45350003242492676,0.18610002100467682,0,1.1986000537872314,0.024900000542402267,1.5384000539779663,0.2501000165939331
2021-02-13 17:02:25,0.697700023651123,0.6665000319480896,0.8963000178337097,0.4734000265598297,0.17240001261234283,0,1.2749000787734985,0.023100001737475395,1.7197000980377197,0.2826000154018402
2021-02-13 17:16:49,0.6950000524520874,0.6641000509262085,0.9235000610351562,0.48770004510879517,0.1712000072002411,0,1.2269001007080078,0.023100001737475395,1.5477001667022705,0.24870000779628754
2021-02-13 17:31:13,0.7296000719070435,0.71260005235672,0.8751000761985779,0.4563000500202179,0.18390001356601715,0,1.3060001134872437,0.02500000037252903,1.715800166130066,0.2948000431060791
2021-02-13 17:45:37,0.6992000341415405,0.6701000928878784,0.8907000422477722,0.4514000117778778,0.18400001525878906,0,1.2264001369476318,0.02670000120997429,1.7360000610351562,0.29030004143714905
2021-02-13 18:00:01,0.7330000400543213,0.6999000310897827,0.962100088596344,0.48590001463890076,0.17230001091957092,0,1.3067001104354858,0.024800002574920654,1.5472002029418945,0.2556000053882599
2021-02-13 18:14:25,0.7245000600814819,0.6706000566482544,0.9391000866889954,0.45420002937316895,0.17260001599788666,0,1.2467001676559448,0.02670000120997429,1.5444000959396362,0.25460001826286316
2021-02-13 18:28:49,0.6981000900268555,0.714400053024292,0.9770000576972961,0.4823000431060791,0.1940000057220459,0,1.3176000118255615,0.024800002574920654,1.7497001886367798,0.29180002212524414
2021-02-13 18:43:13,0.6927000284194946,0.7303000092506409,0.9672000408172607,0.49080005288124084,0.18050001561641693,0,1.2339000701904297,0.02670000120997429,1.5560001134872437,0.25870001316070557
2021-02-13 18:57:37,0.7297000288963318,0.6633000373840332,0.9107000827789307,0.4545000195503235,0.19300000369548798,0,1.2859001159667969,0.024900000542402267,1.746000051498413,0.3011000156402588
2021-02-13 19:12:01,0.6983000040054321,0.6660000085830688,0.9590000510215759,0.4791000187397003,0.1803000122308731,0,1.2265000343322754,0.02670000120997429,1.5547001361846924,0.2931000292301178
2021-02-13 19:26:25,0.7373000383377075,0.7106000781059265,0.9011000990867615,0.445000022649765,0.20230001211166382,0,1.284600019454956,0.024900000542402267,1.746800184249878,0.2564000189304352
2021-02-13 19:40:49,0.697700023651123,0.7236000895500183,0.9207000732421875,0.45020002126693726,0.1973000168800354,0,1.2819000482559204,0.024900000542402267,1.595900058746338,0.31800001859664917
2021-02-13 19:55:13,0.73170006275177,0.6660000085830688,0.9785000681877136,0.48670002818107605,0.18120001256465912,0,1.1475000381469727,0.0268000029027462,1.7273001670837402,0.25120002031326294
2021-02-13 20:09:37,0.7020000219345093,0.7243000268936157,0.8929000496864319,0.44950002431869507,0.1956000179052353,0,1.2151000499725342,0.02500000037252903,1.5753000974655151,0.28610002994537354
2021-02-13 20:24:01,0.7343000173568726,0.6669000387191772,0.9700000286102295,0.4629000127315521,0.1810000091791153,0,1.1083000898361206,0.026900000870227814,1.7816001176834106,0.2559000253677368
2021-02-13 20:38:25,0.7337999939918518,0.6840000152587891,0.9589000940322876,0.4508000314235687,0.19500000774860382,0,1.1674001216888428,0.02510000206530094,1.5705000162124634,0.25780004262924194
2021-02-13 20:52:49,0.6716000437736511,0.64000004529953,0.8771000504493713,0.48760002851486206,0.18170000612735748,0,1.0111000537872314,0.027000000700354576,1.7623001337051392,0.2736000120639801
2021-02-13 21:07:13,0.6702000498771667,0.6420000195503235,0.8808000087738037,0.44870004057884216,0.19350001215934753,0,1.0120000839233398,0.02510000206530094,1.5642001628875732,0.2923000454902649
2021-02-13 21:21:37,0.6604000329971313,0.6743000149726868,0.957800030708313,0.4667000472545624,0.18170000612735748,0,1.0718001127243042,0.027000000700354576,1.7623001337051392,0.24640001356601715
2021-02-13 21:36:01,0.6695000529289246,0.6684000492095947,0.9073000550270081,0.4637000262737274,0.18240001797676086,0,1.0254000425338745,0.026900000870227814,1.7736001014709473,0.29090002179145813
2021-02-13 21:50:25,0.6389000415802002,0.628000020980835,0.9740000367164612,0.4443000257015228,0.2062000036239624,0,1.0830000638961792,0.02500000037252903,1.5551000833511353,0.2363000214099884
2021-02-13 22:04:49,0.6375000476837158,0.661300003528595,0.954200029373169,0.474200040102005,0.21160002052783966,0,1.0153000354766846,0.026900000870227814,1.605700135231018,0.2378000169992447
2021-02-13 22:19:13,0.6296000480651855,0.6234000325202942,0.8872000575065613,0.438400000333786,0.18150000274181366,0,1.0764000415802002,0.02500000037252903,1.7853001356124878,0.2840000092983246
2021-02-13 22:33:37,0.628000020980835,0.635200023651123,0.8883000016212463,0.460500031709671,0.18280000984668732,0,1.013200044631958,0.02500000037252903,1.7818001508712769,0.2753000259399414
2021-02-13 22:48:01,0.6641000509262085,0.6580000519752502,0.9739000797271729,0.4400000274181366,0.20640002191066742,0,1.0660001039505005,0.026900000870227814,1.5784001350402832,0.2322000116109848
2021-02-13 23:02:25,0.6380000114440918,0.6234000325202942,0.9612000584602356,0.4425000250339508,0.1819000244140625,0,1.0108000040054321,0.02510000206530094,1.7002002000808716,0.266400009393692
2021-02-13 23:16:49,0.6270000338554382,0.6596000790596008,0.8982000350952148,0.45580002665519714,0.1948000192642212,0,1.0808000564575195,0.026900000870227814,1.5388001203536987,0.2321000099182129
2021-02-13 23:31:13,0.6338000297546387,0.615600049495697,0.9594000577926636,0.4409000277519226,0.1818000078201294,0,1.0767000913619995,0.02510000206530094,1.6655000448226929,0.23090001940727234
2021-02-13 23:45:37,0.6286000609397888,0.6471000909805298,0.6903000473976135,0.45770004391670227,0.1965000033378601,0,1.0115000009536743,0.027000000700354576,1.4595000743865967,0.24420000612735748
2021-02-14 00:00:01,0.6509000658988953,0.6450000405311584,0.7290000319480896,0.45680004358291626,0.20000000298023224,0,1.0660001039505005,0.027000000700354576,1.4221000671386719,0.2663000226020813
2021-02-14 00:14:25,0.6242000460624695,0.6158000230789185,0.8156000971794128,0.4416000247001648,0.18219999969005585,0,1.0062000751495361,0.02510000206530094,1.527000069618225,0.22910001873970032
2021-02-14 00:28:49,0.6246000528335571,0.638200044631958,0.7567999958992004,0.4400000274181366,0.19630001485347748,0,1.002500057220459,0.02510000206530094,1.4779001474380493,0.2541000247001648
2021-02-14 00:43:13,0.634100079536438,0.6124000549316406,0.8194000720977783,0.45750001072883606,0.18310001492500305,0,1.0556000471115112,0.027000000700354576,1.3690000772476196,0.22750000655651093
2021-02-14 00:57:37,0.624500036239624,0.6068000197410583,0.763200044631958,0.4383000433444977,0.1819000244140625,0,0.9991000890731812,0.027000000700354576,1.3840000629425049,0.24790002405643463
2021-02-14 01:12:01,0.6313000321388245,0.638200044631958,0.8005000352859497,0.45330002903938293,0.1964000165462494,0,1.1181000471115112,0.02510000206530094,1.491300106048584,0.21380001306533813
2021-02-14 01:26:25,0.6242000460624695,0.6380000114440918,0.8005000352859497,0.45340001583099365,0.18200001120567322,0,1.1359000205993652,0.02510000206530094,1.4900001287460327,0.2509000301361084
2021-02-14 01:40:49,0.6319000720977783,0.6084000468254089,0.7559000849723816,0.43880003690719604,0.1948000192642212,0,0.9997000694274902,0.026900000870227814,1.3879001140594482,0.21450001001358032
2021-02-14 01:55:13,0.6277000308036804,0.6313000321388245,0.7648000121116638,0.438400000333786,0.19310002028942108,0,1.010200023651123,0.02510000206530094,1.467000126838684,0.19770000874996185
2021-02-14 02:09:37,0.6223000288009644,0.6058000326156616,0.8072000741958618,0.453900009393692,0.18250000476837158,0,1.1213001012802124,0.027000000700354576,1.3809001445770264,0.22430001199245453
2021-02-14 02:24:01,0.6223000288009644,0.6365000009536743,0.7855000495910645,0.4385000169277191,0.19550001621246338,0,1.0960999727249146,0.02510000206530094,1.369300127029419,0.19580000638961792
2021-02-14 02:38:25,0.6295000314712524,0.599600076675415,0.8284000754356384,0.45160001516342163,0.18310001492500305,0,0.9880000352859497,0.027000000700354576,1.4725000858306885,0.2102000117301941
2021-02-14 02:52:49,0.6222000122070312,0.5916000604629517,0.792400062084198,0.4401000142097473,0.1956000179052353,0,1.012600064277649,0.02510000206530094,1.4510000944137573,0.21620000898838043
2021-02-14 03:07:13,0.6288000345230103,0.615600049495697,0.9052000641822815,0.45770004391670227,0.18150000274181366,0,1.0789999961853027,0.026900000870227814,1.3799000978469849,0.17990002036094666
2021-02-14 03:21:37,0.6220000386238098,0.6096000671386719,0.8770000338554382,0.4418000280857086,0.1827000081539154,0,0.9962000846862793,0.026900000870227814,1.4260001182556152,0.17970000207424164
2021-02-14 03:36:01,0.6300000548362732,0.6291000843048096,0.8432000279426575,0.45830005407333374,0.19420000910758972,0,1.07830011844635,0.02500000037252903,1.3398001194000244,0.1974000185728073
2021-02-14 03:50:25,0.6336000561714172,0.6213000416755676,0.9269000887870789,0.45900002121925354,0.19270001351833344,0,1.0099999904632568,0.02500000037252903,1.3654000759124756,0.17660000920295715
2021-02-14 04:04:49,0.6225000023841858,0.5974000692367554,0.8414000868797302,0.4440000355243683,0.18090002238750458,0,1.0765000581741333,0.026900000870227814,1.5320000648498535,0.20430001616477966
2021-02-14 04:19:13,0.6309000253677368,0.5942000150680542,0.9026000499725342,0.4434000253677368,0.1818000078201294,0,0.995400071144104,0.026900000870227814,1.5032001733779907,0.1746000200510025
2021-02-14 04:33:37,0.6222000122070312,0.6107000708580017,0.8694000840187073,0.45670002698898315,0.20430001616477966,0,1.0536000728607178,0.02500000037252903,1.3765000104904175,0.25460001826286316
2021-02-14 04:48:01,0.6212000250816345,0.6165000200271606,0.8795000314712524,0.45990002155303955,0.2014000117778778,0,1.0232000350952148,0.02500000037252903,1.3646000623703003,0.18710000813007355
2021-02-14 05:02:25,0.687000036239624,0.5896000862121582,0.9853000640869141,0.4400000274181366,0.18230001628398895,0,1.083700180053711,0.0268000029027462,1.653800129890442,0.17820000648498535
2021-02-14 05:16:49,0.6974000334739685,0.5927000641822815,0.9875000715255737,0.4547000229358673,0.20690001547336578,0,1.102500081062317,0.0268000029027462,1.6463000774383545,0.21070000529289246
2021-02-14 05:31:13,0.6632000207901001,0.6134000420570374,0.9095000624656677,0.4431000351905823,0.1794000118970871,0,1.029900074005127,0.024900000542402267,1.5236001014709473,0.17740002274513245
2021-02-14 05:45:37,0.6687999963760376,0.6157000660896301,0.9011000990867615,0.4416000247001648,0.19100001454353333,0,1.0199000835418701,0.024900000542402267,1.52590012550354,0.17960001528263092
2021-02-14 06:00:01,0.7315000295639038,0.5891000628471375,0.9597000479698181,0.47520002722740173,0.17890001833438873,0,1.0835000276565552,0.0268000029027462,1.6460000276565552,0.2120000123977661
2021-02-14 06:14:25,0.7016000747680664,0.5938000082969666,0.9029000401496887,0.46880003809928894,0.19030001759529114,0,1.0843000411987305,0.02670000120997429,1.6839001178741455,0.18290001153945923
2021-02-14 06:28:49,0.728100061416626,0.6195000410079956,0.9827000498771667,0.4523000419139862,0.17960001528263092,0,1.0277000665664673,0.024800002574920654,1.514700174331665,0.21720001101493835
2021-02-14 06:43:13,0.6965000033378601,0.6041000485420227,0.9473000168800354,0.4524000287055969,0.18890002369880676,0,1.0291000604629517,0.026600001379847527,1.505500078201294,0.19050000607967377
2021-02-14 06:57:37,0.7326000928878784,0.6330000162124634,0.9048000574111938,0.4839000105857849,0.17250001430511475,0,1.0950000286102295,0.024700002744793892,1.7055001258850098,0.22420001029968262
2021-02-14 07:12:01,0.7254000306129456,0.6296000480651855,0.9538000226020813,0.43410003185272217,0.16840001940727234,0,1.1159000396728516,0.024700002744793892,1.5476000308990479,0.185900017619133
2021-02-14 07:26:25,0.7024000287055969,0.5979000329971313,0.8997000455856323,0.48760002851486206,0.18050001561641693,0,1.027500033378601,0.026600001379847527,1.7126001119613647,0.2289000153541565
2021-02-14 07:40:49,0.726900041103363,0.6092000603675842,0.882900059223175,0.4739000201225281,0.16920000314712524,0,1.088300108909607,0.024700002744793892,1.4894001483917236,0.18620000779628754
2021-02-14 07:55:13,0.6976000666618347,0.6477000713348389,0.9412000775337219,0.45000001788139343,0.18330001831054688,0,1.012100100517273,0.026600001379847527,1.6981000900268555,0.22920000553131104
2021-02-14 08:09:37,0.6877000331878662,0.6277000308036804,0.8851000666618347,0.47040000557899475,0.1688000112771988,0,1.0090000629425049,0.024800002574920654,1.5196000337600708,0.19050000607967377
2021-02-14 08:24:01,0.7221000790596008,0.676300048828125,0.9563000202178955,0.4499000012874603,0.18160001933574677,0,1.0821000337600708,0.022800002247095108,1.737800121307373,0.17650000751018524
2021-02-14 08:38:25,0.721500039100647,0.626300036907196,0.9122000336647034,0.45330002903938293,0.18380001187324524,0,1.073099970817566,0.022800002247095108,1.5718001127243042,0.20230001211166382
2021-02-14 08:52:49,0.6946000456809998,0.6833000183105469,0.9706000685691833,0.4772000312805176,0.17090001702308655,0,1.0075000524520874,0.024800002574920654,1.7506000995635986,0.17100000381469727
2021-02-14 09:07:13,0.6928000450134277,0.6235000491142273,0.9015000462532043,0.47220003604888916,0.17000000178813934,0,1.065500020980835,0.024700002744793892,1.6053000688552856,0.17180001735687256
2021-02-14 09:21:37,0.7227000594139099,0.6652000546455383,0.9711000919342041,0.4458000361919403,0.1851000189781189,0,0.9975000619888306,0.022800002247095108,1.8012001514434814,0.21210001409053802
2021-02-14 09:36:01,0.7391000986099243,0.6755000352859497,0.9527000784873962,0.46470004320144653,0.19390001893043518,0,1.00190007686615,0.02460000105202198,1.7445000410079956,0.17260001599788666
2021-02-14 09:50:25,0.6937000155448914,0.6289000511169434,0.8842000365257263,0.44620004296302795,0.16930000483989716,0,1.0789000988006592,0.022800002247095108,1.6047002077102661,0.1899000108242035
2021-02-14 10:04:49,0.7250000238418579,0.6741000413894653,0.9607000350952148,0.46140000224113464,0.17990002036094666,0,1.0583001375198364,0.024500001221895218,1.736700177192688,0.17920000851154327
2021-02-14 10:19:13,0.6950000524520874,0.6419000625610352,0.8968000411987305,0.44460001587867737,0.16870000958442688,0,0.9900000691413879,0.022600000724196434,1.6069000959396362,0.2617000341415405
2021-02-14 10:33:37,0.7232000231742859,0.6836000680923462,0.9045000672340393,0.48260003328323364,0.1664000153541565,0,0.9906001091003418,0.022600000724196434,1.6089000701904297,0.2201000154018402
2021-02-14 10:48:01,0.6969000697135925,0.6437000632286072,0.9669000506401062,0.4399000108242035,0.17900000512599945,0,1.080700159072876,0.024400001391768456,1.758000135421753,0.24080000817775726
2021-02-14 11:02:25,0.7265000343322754,0.696600079536438,0.9170000553131104,0.48590001463890076,0.18150000274181366,0,0.9994000792503357,0.024800002574920654,1.6231000423431396,0.23180001974105835
2021-02-14 11:16:49,0.697100043296814,0.6561000943183899,0.9722000360488892,0.43810003995895386,0.16920000314712524,0,1.093500018119812,0.02290000021457672,1.8322001695632935,0.2656000256538391
2021-02-14 11:31:13,0.6915000081062317,0.6668000221252441,0.9160000681877136,0.46240001916885376,0.18070000410079956,0,1.013100028038025,0.02290000021457672,1.8252002000808716,0.29430001974105835
2021-02-14 11:45:37,0.7231000661849976,0.701900064945221,0.9755000472068787,0.4449000060558319,0.16830001771450043,0,1.093500018119812,0.024700002744793892,1.5845000743865967,0.2274000197649002
2021-02-14 12:00:01,0.6948000192642212,0.7133000493049622,0.9301000833511353,0.489700049161911,0.17030000686645508,0,1.0218000411987305,0.024700002744793892,1.6144001483917236,0.22850000858306885
2021-02-14 12:14:25,0.739300012588501,0.676800012588501,0.9878000617027283,0.43310001492500305,0.19370000064373016,0,1.0825001001358032,0.022800002247095108,1.8067001104354858,0.24080000817775726
2021-02-14 12:28:49,0.7206000685691833,0.7155000567436218,0.9933000206947327,0.4374000132083893,0.16870000958442688,0,1.0160000324249268,0.022800002247095108,1.6220000982284546,0.27140000462532043
2021-02-14 12:43:13,0.6915000081062317,0.6712999939918518,0.9254000782966614,0.48500001430511475,0.18120001256465912,0,1.1384000778198242,0.02460000105202198,1.8025001287460327,0.2217000126838684
2021-02-14 12:57:37,0.6933000087738037,0.6802000403404236,0.9785000681877136,0.46230003237724304,0.17000000178813934,0,1.1488001346588135,0.024700002744793892,1.6086000204086304,0.2412000149488449
2021-02-14 13:12:01,0.7239000797271729,0.732200026512146,0.91510009765625,0.44230005145072937,0.18360000848770142,0,1.0195000171661377,0.02290000021457672,1.8076000213623047,0.22270001471042633
2021-02-14 13:26:25,0.7234000563621521,0.7450000643730164,0.9251000881195068,0.4408000409603119,0.1705000102519989,0,1.0917000770568848,0.022800002247095108,1.7358001470565796,0.22630001604557037
2021-02-14 13:40:49,0.692300021648407,0.6837000250816345,0.9922000765800476,0.49000000953674316,0.18470001220703125,0,0.998400092124939,0.02460000105202198,1.5880000591278076,0.2662000358104706
2021-02-14 13:55:13,0.723300039768219,0.6695000529289246,0.9102000594139099,0.4756000339984894,0.17100000381469727,0,1.0828001499176025,0.02290000021457672,1.6178001165390015,0.22420001029968262
2021-02-14 14:09:37,0.697100043296814,0.7151000499725342,0.9806000590324402,0.4475000202655792,0.1997000128030777,0,1.0059000253677368,0.024700002744793892,1.8084001541137695,0.24290001392364502
2021-02-14 14:24:01,0.7236000895500183,0.7239000797271729,0.9411000609397888,0.4472000300884247,0.18480001389980316,0,1.0127999782562256,0.02290000021457672,1.840000033378601,0.2234000265598297
2021-02-14 14:38:25,0.6935000419616699,0.6777000427246094,0.8423000574111938,0.460500031709671,0.16950000822544098,0,1.0832000970840454,0.024700002744793892,1.648400068283081,0.25870001316070557
2021-02-14 14:52:49,0.7194000482559204,0.675000011920929,0.9005000591278076,0.48740002512931824,0.17170000076293945,0,1.106600046157837,0.024700002744793892,1.8127001523971558,0.248400017619133
2021-02-14 15:07:13,0.6913000345230103,0.7293000221252441,0.8492000699043274,0.4382000267505646,0.18300001323223114,0,1.006500005722046,0.02290000021457672,1.6144001483917236,0.2225000113248825
2021-02-14 15:21:37,0.7188000082969666,0.6728000044822693,0.8530000448226929,0.4408000409603119,0.18700000643730164,0,1.069000005722046,0.022800002247095108,1.6266000270843506,0.22220000624656677
2021-02-14 15:36:01,0.6935000419616699,0.7169000506401062,0.9170000553131104,0.4627000391483307,0.17150001227855682,0,0.9934000968933105,0.02460000105202198,1.83430016040802,0.2506999969482422
2021-02-14 15:50:25,0.7229000329971313,0.7193000316619873,0.8197000622749329,0.46330004930496216,0.17020000517368317,0,1.084700107574463,0.02460000105202198,1.6469000577926636,0.2785000205039978
2021-02-14 16:04:49,0.6935000419616699,0.6762000322341919,0.8971000909805298,0.4353000521659851,0.18490001559257507,0,1.0009000301361084,0.022800002247095108,1.7924001216888428,0.22050000727176666
2021-02-14 16:19:13,0.723300039768219,0.7244000434875488,0.8648000359535217,0.4643000364303589,0.1860000044107437,0,1.0623000860214233,0.024500001221895218,1.8229000568389893,0.2395000159740448
2021-02-14 16:33:37,0.68340003490448,0.6769000291824341,0.9577000737190247,0.4472000300884247,0.17260001599788666,0,0.9823000431060791,0.02240000106394291,1.5994000434875488,0.2193000167608261
2021-02-14 16:48:01,0.7160000205039978,0.6728000044822693,0.8718000054359436,0.44690001010894775,0.1867000013589859,0,0.9796000719070435,0.024500001221895218,1.7127001285552979,0.21570000052452087
2021-02-14 17:02:25,0.35690000653266907,0.7171000838279724,1.0027999877929688,0.46300002932548523,0.17160001397132874,0,1.0663001537322998,0.02630000188946724,1.4863001108169556,0.25290003418922424
2021-02-14 17:16:49,0.3928000330924988,0.7166000604629517,0.9805000424385071,0.49230003356933594,0.18720000982284546,0,1.0592001676559448,0.024500001221895218,1.5115001201629639,0.2216000109910965
2021-02-14 17:31:13,0.3588000237941742,0.6633000373840332,0.9207000732421875,0.44840002059936523,0.17330001294612885,0,0.9912000298500061,0.026400001719594002,1.6809000968933105,0.23330001533031464
2021-02-14 17:45:37,0.3612000346183777,0.711400032043457,1.0095000267028809,0.4499000012874603,0.17180001735687256,0,1.0759000778198242,0.024400001391768456,1.6348000764846802,0.2713000178337097
2021-02-14 18:00:01,0.3915000259876251,0.6662000417709351,0.9396001100540161,0.47120004892349243,0.1834000200033188,0,1.0088000297546387,0.026200002059340477,1.4951000213623047,0.22190001606941223
2021-02-14 18:14:25,0.41380003094673157,0.6724000573158264,0.9494000673294067,0.47870004177093506,0.1746000200510025,0,1.0674999952316284,0.02630000188946724,1.4957001209259033,0.22180001437664032
2021-02-14 18:28:49,0.3680000305175781,0.7201000452041626,1.0266000032424927,0.44860002398490906,0.195700004696846,0,0.9925000667572021,0.024400001391768456,1.7300001382827759,0.25530001521110535
2021-02-14 18:43:13,0.3913000226020813,0.6867000460624695,1.0089000463485718,0.4879000186920166,0.19920000433921814,0,1.0149000883102417,0.024500001221895218,1.4825000762939453,0.22140002250671387
2021-02-14 18:57:37,0.3613000214099884,0.7277000546455383,0.967400074005127,0.43700000643730164,0.1819000244140625,0,1.0786000490188599,0.026500001549720764,1.6826000213623047,0.2673000395298004
2021-02-14 19:12:01,0.35780003666877747,0.7381000518798828,1.0205000638961792,0.4546000361442566,0.20080001652240753,0,1.0687000751495361,0.026500001549720764,1.6910001039505005,0.2582000195980072
2021-02-14 19:26:25,0.41030004620552063,0.6846000552177429,0.973300039768219,0.46730002760887146,0.18360000848770142,0,1.016800045967102,0.02460000105202198,1.5358000993728638,0.22350001335144043
2021-02-14 19:40:49,0.36580002307891846,0.7085000276565552,0.9590000510215759,0.4563000500202179,0.18310001492500305,0,0.9967000484466553,0.026400001719594002,1.6826000213623047,0.2541000247001648
2021-02-14 19:55:13,0.39250001311302185,0.6609000563621521,1.016200065612793,0.4861000180244446,0.20360001921653748,0,1.0724000930786133,0.02460000105202198,1.5254000425338745,0.21490001678466797
2021-02-14 20:09:37,0.3654000163078308,0.6934000849723816,1.0187000036239624,0.4838000535964966,0.19630001485347748,0,1.075200080871582,0.02460000105202198,1.5169000625610352,0.22420001029968262
2021-02-14 20:24:01,0.3911000192165375,0.6520000100135803,0.9731000661849976,0.45600003004074097,0.18240001797676086,0,1.0024000406265259,0.026500001549720764,1.724000096321106,0.25280001759529114
2021-02-14 20:38:25,0.398000031709671,0.6787000298500061,0.9747000336647034,0.45590001344680786,0.1827000081539154,0,1.0183000564575195,0.02460000105202198,1.5172001123428345,0.22550001740455627
2021-02-14 20:52:49,0.33250001072883606,0.6302000284194946,1.0360000133514404,0.4862000346183777,0.19460001587867737,0,1.0774000883102417,0.026500001549720764,1.6735000610351562,0.26030004024505615
2021-02-14 21:07:13,0.33250001072883606,0.6677000522613525,1.0399000644683838,0.4724000096321106,0.19600000977516174,0,1.0719001293182373,0.02460000105202198,1.6013001203536987,0.22600001096725464
2021-02-14 21:21:37,0.31950002908706665,0.6175000071525574,0.9503000378608704,0.4491000175476074,0.1834000200033188,0,1.0160000324249268,0.026500001549720764,1.756600022315979,0.2979000210762024
2021-02-14 21:36:01,0.3440000116825104,0.6500000357627869,0.9597000479698181,0.48110002279281616,0.19530001282691956,0,1.007200002670288,0.026500001549720764,1.706300139427185,0.2540000081062317
2021-02-14 21:50:25,0.2923000454902649,0.6199000477790833,1.0176000595092773,0.4451000392436981,0.18390001356601715,0,1.0605000257492065,0.02460000105202198,1.568600058555603,0.22200001776218414
2021-02-14 22:04:49,0.2962000370025635,0.6239000558853149,1.0244001150131226,0.4457000195980072,0.19430001080036163,0,1.0120000839233398,0.026500001549720764,1.6815000772476196,0.22050000727176666
2021-02-14 22:19:13,0.28790000081062317,0.6682000160217285,0.9618000388145447,0.4741000235080719,0.18310001492500305,0,1.0693000555038452,0.02460000105202198,1.5320000648498535,0.2633000314235687
2021-02-14 22:33:37,0.2873000204563141,0.6534000635147095,0.9619000554084778,0.4359000027179718,0.18400001525878906,0,0.9966000914573669,0.026400001719594002,1.5387001037597656,0.2559000253677368
2021-02-14 22:48:01,0.29370003938674927,0.6171000599861145,1.0235000848770142,0.46470004320144653,0.20480000972747803,0,1.084800124168396,0.02460000105202198,1.796600103378296,0.21850000321865082
2021-02-14 23:02:25,0.29010000824928284,0.659000039100647,0.9645000696182251,0.44620004296302795,0.18390001356601715,0,1.0183000564575195,0.02460000105202198,1.7740000486373901,0.25860002636909485
2021-02-14 23:16:49,0.30010002851486206,0.6009000539779663,1.0191000699996948,0.47370004653930664,0.20010001957416534,0,1.0785000324249268,0.026500001549720764,1.4230000972747803,0.2248000204563141
2021-02-14 23:31:13,0.30810001492500305,0.6044000387191772,1.026900053024292,0.4471000134944916,0.2005000114440918,0,0.9896000623703003,0.02460000105202198,1.4368001222610474,0.2541000247001648
2021-02-14 23:45:37,0.29020002484321594,0.638200044631958,0.7012000679969788,0.46470004320144653,0.1844000220298767,0,1.0714000463485718,0.026400001719594002,1.67520010471344,0.22210001945495605
2021-02-15 00:00:01,0.2987000346183777,0.6259000301361084,0.8224000930786133,0.4506000280380249,0.18410001695156097,0,0.9940000176429749,0.02460000105202198,1.4865000247955322,0.2582000195980072
2021-02-15 00:14:25,0.28780004382133484,0.5979000329971313,0.8787000775337219,0.46870002150535583,0.19680000841617584,0,1.0634000301361084,0.026500001549720764,1.3446000814437866,0.22120000422000885
2021-02-15 00:28:49,0.2971000075340271,0.612000048160553,0.8869000673294067,0.453900009393692,0.1834000200033188,0,1.0004000663757324,0.02460000105202198,1.477700114250183,0.2592000365257263
2021-02-15 00:43:13,0.2864000201225281,0.646600067615509,0.8365000486373901,0.475100040435791,0.19600000977516174,0,1.114400029182434,0.026500001549720764,1.3859001398086548,0.2184000164270401
2021-02-15 00:57:37,0.29840001463890076,0.63590008020401,0.8249000906944275,0.4869000315666199,0.18380001187324524,0,1.0047000646591187,0.024700002744793892,1.3621000051498413,0.20920000970363617
2021-02-15 01:12:01,0.285800039768219,0.6053000092506409,0.8800000548362732,0.4540000259876251,0.21450001001358032,0,1.1011000871658325,0.026500001549720764,1.4858001470565796,0.24830001592636108
2021-02-15 01:26:25,0.28610002994537354,0.6419000625610352,0.9128000140190125,0.4564000070095062,0.18450000882148743,0,1.0945000648498535,0.024700002744793892,1.5004000663757324,0.21060001850128174
2021-02-15 01:40:49,0.3133000433444977,0.6061000823974609,0.8515000343322754,0.4716000258922577,0.19770000874996185,0,0.9952000379562378,0.026900000870227814,1.363900065422058,0.22580000758171082
2021-02-15 01:55:13,0.30400002002716064,0.635200023651123,0.8443000316619873,0.4610000252723694,0.1989000141620636,0,0.9967000484466553,0.02460000105202198,1.4688000679016113,0.2567000389099121
2021-02-15 02:09:37,0.28470003604888916,0.5717999935150146,0.9396001100540161,0.4857000410556793,0.18550001084804535,0,1.0775001049041748,0.026600001379847527,1.3101000785827637,0.20030000805854797
2021-02-15 02:24:01,0.28380003571510315,0.5866000652313232,0.9209000468254089,0.49810004234313965,0.18450000882148743,0,1.0684000253677368,0.024500001221895218,1.405500054359436,0.2039000242948532
2021-02-15 02:38:25,0.32450002431869507,0.54830002784729,0.8468000292778015,0.44790002703666687,0.20360001921653748,0,1.0190000534057617,0.026400001719594002,1.294100046157837,0.23970000445842743
2021-02-15 02:52:49,0.2970000207424164,0.5480000376701355,0.8541000485420227,0.458700031042099,0.2014000117778778,0,1.0247001647949219,0.024500001221895218,1.3054001331329346,0.24790002405643463
2021-02-15 03:07:13,0.28470003604888916,0.5857000350952148,0.9397000670433044,0.477400004863739,0.1850000023841858,0,1.0697001218795776,0.02630000188946724,1.4229000806808472,0.18800000846385956
2021-02-15 03:21:37,0.2852000296115875,0.5795000195503235,0.9364000558853149,0.46330004930496216,0.18280000984668732,0,1.0076000690460205,0.024500001221895218,1.2910000085830688,0.18820001184940338
2021-02-15 03:36:01,0.3012000322341919,0.5580000281333923,0.8728000521659851,0.4772000312805176,0.1966000199317932,0,1.057800054550171,0.026400001719594002,1.4176000356674194,0.2062000036239624
2021-02-15 03:50:25,0.30800002813339233,0.582800030708313,0.8306000828742981,0.46560001373291016,0.2086000144481659,0,1.0133000612258911,0.02460000105202198,1.4236000776290894,0.217600017786026
2021-02-15 04:04:49,0.28470003604888916,0.5575000047683716,0.9495000243186951,0.48020002245903015,0.18390001356601715,0,1.0657001733779907,0.026400001719594002,1.2896000146865845,0.18940001726150513
2021-02-15 04:19:13,0.30470001697540283,0.5707000494003296,0.9157000780105591,0.4844000041484833,0.19670000672340393,0,1.0641000270843506,0.026500001549720764,1.3925000429153442,0.18800000846385956
2021-02-15 04:33:37,0.28610002994537354,0.5481000542640686,0.9749000668525696,0.46580004692077637,0.18630000948905945,0,1.0045000314712524,0.02460000105202198,1.3005000352859497,0.2183000147342682
2021-02-15 04:48:01,0.2849000096321106,0.5509000420570374,0.9308000206947327,0.46720004081726074,0.19850000739097595,0,1.0157999992370605,0.024800002574920654,1.296700119972229,0.22850000858306885
2021-02-15 05:02:25,0.3507000207901001,0.5730000138282776,1.0835000276565552,0.48660004138946533,0.16920000314712524,0,1.0673000812530518,0.02670000120997429,1.4530000686645508,0.1899000108242035
2021-02-15 05:16:49,0.3351000249385834,0.57340008020401,1.0880000591278076,0.46810004115104675,0.17980001866817474,0,1.0306000709533691,0.024900000542402267,1.356200098991394,0.19430001080036163
2021-02-15 05:31:13,0.37210002541542053,0.5455000400543213,1.020400047302246,0.49000000953674316,0.16740001738071442,0,1.0973000526428223,0.02670000120997429,1.4766000509262085,0.2313000112771988
2021-02-15 05:45:37,0.3409000039100647,0.5434000492095947,1.1011000871658325,0.4667000472545624,0.16750000417232513,0,1.0378000736236572,0.02670000120997429,1.377600073814392,0.23670001327991486
2021-02-15 06:00:01,0.3945000171661377,0.5606000423431396,1.0230000019073486,0.49880003929138184,0.23840002715587616,0,1.0903000831604004,0.024900000542402267,1.4706000089645386,0.1998000144958496
2021-02-15 06:14:25,0.40160003304481506,0.5680000185966492,1.0317001342773438,0.4865000247955322,0.23680001497268677,0,1.1181000471115112,0.024900000542402267,1.5256000757217407,0.20940001308918
2021-02-15 06:28:49,0.36970004439353943,0.5410000085830688,1.0871000289916992,0.5105000138282776,0.25440001487731934,0,1.0482001304626465,0.0268000029027462,1.378100037574768,0.240200012922287
2021-02-15 06:43:13,0.3709000051021576,0.5441000461578369,1.0201001167297363,0.48830005526542664,0.24660001695156097,0,1.057300090789795,0.024900000542402267,1.3720999956130981,0.24700000882148743
2021-02-15 06:57:37,0.40330004692077637,0.5738000273704529,1.075600028038025,0.5207000374794006,0.3088000416755676,0,1.1075999736785889,0.0268000029027462,1.448700189590454,0.21080000698566437
2021-02-15 07:12:01,0.4075000286102295,0.5446000695228577,1.035099983215332,0.4880000352859497,0.2840000092983246,0,1.1422001123428345,0.02670000120997429,1.3935999870300293,0.23290002346038818
2021-02-15 07:26:25,0.36670002341270447,0.5703000426292419,1.0830000638961792,0.5131000876426697,0.2998000383377075,0,1.0413000583648682,0.023100001737475395,1.4912000894546509,0.20110002160072327
2021-02-15 07:40:49,0.3646000325679779,0.539400041103363,1.0654001235961914,0.49080005288124084,0.3152000308036804,0,1.0952001810073853,0.023100001737475395,1.4800000190734863,0.2502000033855438
2021-02-15 07:55:13,0.4025000333786011,0.5967000126838684,1.001400113105774,0.5074000358581543,0.2945000231266022,0,1.0284000635147095,0.02500000037252903,1.3828001022338867,0.18890002369880676
2021-02-15 08:09:37,0.3695000112056732,0.5692999958992004,1.0046000480651855,0.5073000192642212,0.3242000341415405,0,1.0188000202178955,0.02500000037252903,1.4723001718521118,0.1988000124692917
2021-02-15 08:24:01,0.4013000428676605,0.6044000387191772,1.058500051498413,0.49140000343322754,0.2945000231266022,0,1.1017000675201416,0.023100001737475395,1.3294000625610352,0.22920000553131104
2021-02-15 08:38:25,0.40540000796318054,0.5802000164985657,1.0276000499725342,0.5046000480651855,0.3043999969959259,0,1.0981000661849976,0.023100001737475395,1.35260009765625,0.1989000141620636
2021-02-15 08:52:49,0.36330002546310425,0.6190000176429749,0.9647000432014465,0.47370004653930664,0.2948000431060791,0,1.019700050354004,0.02510000206530094,1.4574000835418701,0.2435000091791153
2021-02-15 09:07:13,0.3606000244617462,0.5814000368118286,0.9547000527381897,0.4905000329017639,0.2923000454902649,0,1.031000018119812,0.02500000037252903,1.4367001056671143,0.2006000131368637
2021-02-15 09:21:37,0.39830005168914795,0.6247000694274902,1.0268001556396484,0.5058000683784485,0.3086000084877014,0,1.0980000495910645,0.023100001737475395,1.2944000959396362,0.23070000112056732
2021-02-15 09:36:01,0.36390000581741333,0.638200044631958,0.9656000733375549,0.48900002241134644,0.2939000129699707,0,1.0968000888824463,0.02500000037252903,1.3512001037597656,0.23730000853538513
2021-02-15 09:50:25,0.4025000333786011,0.5881000757217407,1.0281000137329102,0.5087000131607056,0.3152000308036804,0,1.0217000246047974,0.023000001907348633,1.4305000305175781,0.1997000128030777
2021-02-15 10:04:49,0.36390000581741333,0.5813000202178955,0.9631000757217407,0.5110000371932983,0.3165000081062317,0,1.0120000839233398,0.023000001907348633,1.4098001718521118,0.20200000703334808
2021-02-15 10:19:13,0.3961000144481659,0.6218000054359436,1.0248000621795654,0.48980003595352173,0.29250001907348633,0,1.0875000953674316,0.024900000542402267,1.2855000495910645,0.23170000314712524
2021-02-15 10:33:37,0.3589000105857849,0.5964000821113586,1.0175000429153442,0.5021000504493713,0.29340001940727234,0,1.0682001113891602,0.024900000542402267,1.3637001514434814,0.19860000908374786
2021-02-15 10:48:01,0.3961000144481659,0.6512000560760498,0.9619000554084778,0.4841000437736511,0.3050000071525574,0,1.0172001123428345,0.023000001907348633,1.519200086593628,0.28790000081062317
2021-02-15 11:02:25,0.35430002212524414,0.6426000595092773,0.9432000517845154,0.4813000559806824,0.30410000681877136,0,1.071700096130371,0.023100001737475395,1.3513001203536987,0.20440001785755157
2021-02-15 11:16:49,0.39410001039505005,0.6012000441551208,1.0027000904083252,0.5009000301361084,0.2915000021457672,0,0.9909000992774963,0.02500000037252903,1.4828001260757446,0.21320000290870667
2021-02-15 11:31:13,0.396200031042099,0.6289000511169434,0.9473000168800354,0.47470003366470337,0.29100000858306885,0,1.0658000707626343,0.023200001567602158,1.3558001518249512,0.19850000739097595
2021-02-15 11:45:37,0.3606000244617462,0.5834000706672668,1.016800045967102,0.5088000297546387,0.30810001492500305,0,0.9978000521659851,0.02510000206530094,1.4548001289367676,0.24450001120567322
2021-02-15 12:00:01,0.35750001668930054,0.6035000085830688,1.0200001001358032,0.49830004572868347,0.30650001764297485,0,1.0671000480651855,0.02500000037252903,1.4866000413894653,0.23660001158714294
2021-02-15 12:14:25,0.3944000005722046,0.6802999973297119,0.9664000868797302,0.47610002756118774,0.289900004863739,0,0.9873000383377075,0.023100001737475395,1.292700171470642,0.1980000138282776
2021-02-15 12:28:49,0.3977000415325165,0.6042000651359558,0.9376000761985779,0.49880003929138184,0.30730003118515015,0,1.0684000253677368,0.023100001737475395,1.2956000566482544,0.20090001821517944
2021-02-15 12:43:13,0.35910001397132874,0.6471000909805298,1.0474001169204712,0.47870004177093506,0.2875000238418579,0,0.9821000695228577,0.024900000542402267,1.4880000352859497,0.27320003509521484
2021-02-15 12:57:37,0.38690000772476196,0.6420000195503235,1.0298000574111938,0.5047000646591187,0.30490002036094666,0,1.0567001104354858,0.02500000037252903,1.3708001375198364,0.1988000124692917
2021-02-15 13:12:01,0.3528999984264374,0.5925000309944153,0.9795000553131104,0.47450003027915955,0.2799000144004822,0,0.9942000508308411,0.023100001737475395,1.5235000848770142,0.23280000686645508
2021-02-15 13:26:25,0.3579000234603882,0.6064000725746155,1.0261000394821167,0.4768000543117523,0.2903999984264374,0,1.061500072479248,0.023200001567602158,1.3588001728057861,0.20419999957084656
2021-02-15 13:40:49,0.3930000066757202,0.649600088596344,0.9459000825881958,0.4944000244140625,0.2775000035762787,0,0.9981001019477844,0.024900000542402267,1.5277001857757568,0.2387000024318695
2021-02-15 13:55:13,0.39340001344680786,0.6480000019073486,1.0046000480651855,0.480400025844574,0.2875000238418579,0,1.0816000699996948,0.02500000037252903,1.6114001274108887,0.20090001821517944
2021-02-15 14:09:37,0.35750001668930054,0.6033000349998474,0.9559000730514526,0.5015000104904175,0.2728000283241272,0,0.9949000477790833,0.023100001737475395,1.4439001083374023,0.24140001833438873
2021-02-15 14:24:01,0.391400009393692,0.6323000192642212,1.0214000940322876,0.5012000203132629,0.2578999996185303,0,0.9942000508308411,0.023000001907348633,1.4209001064300537,0.20040002465248108
2021-02-15 14:38:25,0.36090001463890076,0.5881000757217407,0.9285000562667847,0.4764000177383423,0.2831000089645386,0,1.0912001132965088,0.024900000542402267,1.6190000772476196,0.24050001800060272
2021-02-15 14:52:49,0.39260002970695496,0.6106000542640686,0.9500000476837158,0.48000001907348633,0.2698000371456146,0,1.0279000997543335,0.024900000542402267,1.393200159072876,0.23670001327991486
2021-02-15 15:07:13,0.3594000041484833,0.6705000400543213,0.9911000728607178,0.5005000233650208,0.2970000207424164,0,1.0957001447677612,0.023000001907348633,1.5998001098632812,0.19770000874996185
2021-02-15 15:21:37,0.35590001940727234,0.681100070476532,1.0205000638961792,0.4992000460624695,0.2838999927043915,0,1.0896000862121582,0.023100001737475395,1.4419001340866089,0.19920000433921814
2021-02-15 15:36:01,0.39420002698898315,0.6136000752449036,0.9475000500679016,0.4824000298976898,0.2722000181674957,0,1.0011000633239746,0.024900000542402267,1.6108001470565796,0.2144000232219696
2021-02-15 15:50:25,0.3621000349521637,0.6764000654220581,0.9950000643730164,0.4853000342845917,0.2738000452518463,0,1.092900037765503,0.02500000037252903,1.6290000677108765,0.19920000433921814
2021-02-15 16:04:49,0.397100031375885,0.6075000166893005,0.9372000694274902,0.5169000625610352,0.30160000920295715,0,0.9981001019477844,0.023200001567602158,1.474000096321106,0.24170000851154327
2021-02-15 16:19:13,0.39520004391670227,0.5975000262260437,0.9846000671386719,0.5006000399589539,0.28940001130104065,0,1.092900037765503,0.023200001567602158,1.4772001504898071,0.24650001525878906
2021-02-15 16:33:37,0.3606000244617462,0.6514000296592712,0.920400083065033,0.48280003666877747,0.27300000190734863,0,0.9971000552177429,0.02510000206530094,1.6630001068115234,0.20430001616477966
2021-02-15 16:48:01,0.3927000164985657,0.6082000136375427,0.92330002784729,0.5161000490188599,0.2945000231266022,0,0.9863000512123108,0.02500000037252903,1.4523000717163086,0.20550000667572021
2021-02-15 17:02:25,0.35850000381469727,0.6540000438690186,0.9758000373840332,0.48180004954338074,0.25690001249313354,0,1.0595000982284546,0.023200001567602158,1.6534000635147095,0.21650001406669617
2021-02-15 17:16:49,0.39570003747940063,0.6736000776290894,0.9226000905036926,0.4635000228881836,0.27950000762939453,0,1.081300139427185,0.023200001567602158,1.6536000967025757,0.20920000970363617
2021-02-15 17:31:13,0.3629000186920166,0.6150000095367432,1.0110000371932983,0.49480003118515015,0.2558000087738037,0,1.0015000104904175,0.02510000206530094,1.5089000463485718,0.2568000257015228
2021-02-15 17:45:37,0.3936000168323517,0.6310000419616699,0.995400071144104,0.5127000212669373,0.271200031042099,0,1.0202000141143799,0.02510000206530094,1.484300136566162,0.21990002691745758
2021-02-15 18:00:01,0.3652000427246094,0.6827000379562378,1.057800054550171,0.480400025844574,0.21380001306533813,0,1.094099998474121,0.023200001567602158,1.682900071144104,0.25850000977516174
2021-02-15 18:14:25,0.39250001311302185,0.6760000586509705,1.0429000854492188,0.48180004954338074,0.22520001232624054,0,1.0799000263214111,0.0268000029027462,1.6666001081466675,0.22770000994205475
2021-02-15 18:28:49,0.35690000653266907,0.6212000250816345,1.0016000270843506,0.5026000142097473,0.210300013422966,0,1.0117000341415405,0.024800002574920654,1.4830000400543213,0.289000004529953
2021-02-15 18:43:13,0.3922000229358673,0.6865000128746033,1.015100121498108,0.546500027179718,0.2363000214099884,0,1.0092999935150146,0.024800002574920654,1.7127001285552979,0.22430001199245453
2021-02-15 18:57:37,0.36160001158714294,0.6229000687599182,1.07420015335083,0.4792000353336334,0.21380001306533813,0,1.0948001146316528,0.02670000120997429,1.545700192451477,0.26760002970695496
2021-02-15 19:12:01,0.39240002632141113,0.6267000436782837,0.9926000833511353,0.49720004200935364,0.2266000211238861,0,1.0161000490188599,0.024800002574920654,1.506100058555603,0.2590000033378601
2021-02-15 19:26:25,0.35190001130104065,0.6833000183105469,1.07260000705719,0.4823000431060791,0.21250000596046448,0,1.093500018119812,0.02670000120997429,1.7266000509262085,0.22800001502037048
2021-02-15 19:40:49,0.39590001106262207,0.6673000454902649,1.0587000846862793,0.4814000129699707,0.22920000553131104,0,1.0298000574111938,0.02670000120997429,1.656599998474121,0.25600001215934753
2021-02-15 19:55:13,0.35750001668930054,0.6251000761985779,1.009600043296814,0.5127000212669373,0.18060001730918884,0,1.0906000137329102,0.024800002574920654,1.5227001905441284,0.21490001678466797
2021-02-15 20:09:37,0.4013000428676605,0.6606000661849976,1.0185000896453857,0.47960004210472107,0.1665000021457672,0,1.0758000612258911,0.024700002744793892,1.6962001323699951,0.26410001516342163
2021-02-15 20:24:01,0.35850000381469727,0.5978000164031982,1.0583001375198364,0.5115000009536743,0.1818000078201294,0,1.0227000713348389,0.026500001549720764,1.5215001106262207,0.22440001368522644
2021-02-15 20:38:25,0.3628000319004059,0.597000002861023,0.9957000613212585,0.4823000431060791,0.18050001561641693,0,1.1012001037597656,0.024700002744793892,1.5382001399993896,0.27180004119873047
2021-02-15 20:52:49,0.3932000398635864,0.6377000212669373,1.0637000799179077,0.49710002541542053,0.16710001230239868,0,1.0027999877929688,0.026600001379847527,1.7051000595092773,0.22620001435279846
2021-02-15 21:07:13,0.3553999960422516,0.6145000457763672,1.0011000633239746,0.4853000342845917,0.16770000755786896,0,1.0260000228881836,0.024700002744793892,1.7039000988006592,0.2224000245332718
2021-02-15 21:21:37,0.3879000246524811,0.5850000381469727,1.0601000785827637,0.4994000196456909,0.18070000410079956,0,1.075600028038025,0.026600001379847527,1.5479000806808472,0.2550000250339508
2021-02-15 21:36:01,0.35610002279281616,0.5845000147819519,1.084700107574463,0.48340001702308655,0.1681000143289566,0,1.0139000415802002,0.026600001379847527,1.6959000825881958,0.25530001521110535
2021-02-15 21:50:25,0.3945000171661377,0.6149000525474548,1.015700101852417,0.5038999915122986,0.185900017619133,0,1.0730000734329224,0.024700002744793892,1.5749001502990723,0.22540001571178436
2021-02-15 22:04:49,0.35600000619888306,0.6187000274658203,1.068000078201294,0.5089000463485718,0.1681000143289566,0,1.0892001390457153,0.024700002744793892,1.5694000720977783,0.22530001401901245
2021-02-15 22:19:13,0.39020001888275146,0.5751000642776489,0.9998000264167786,0.4838000535964966,0.1818000078201294,0,1.0148000717163086,0.026500001549720764,1.6861000061035156,0.26360002160072327
2021-02-15 22:33:37,0.3522000312805176,0.622700035572052,1.0054000616073608,0.4978000521659851,0.18000000715255737,0,1.0712001323699951,0.026600001379847527,1.5358000993728638,0.22590002417564392
2021-02-15 22:48:01,0.3929000198841095,0.5785000324249268,1.0689001083374023,0.48090001940727234,0.16940002143383026,0,1.0112000703811646,0.024800002574920654,1.7075999975204468,0.2791000306606293
2021-02-15 23:02:25,0.39240002632141113,0.6277000308036804,1.00600004196167,0.4808000326156616,0.18460001051425934,0,1.0882000923156738,0.026600001379847527,1.677700161933899,0.22750000655651093
2021-02-15 23:16:49,0.35920003056526184,0.5680000185966492,1.062000036239624,0.5115000009536743,0.16870000958442688,0,1.0250999927520752,0.024800002574920654,1.5084000825881958,0.254800021648407
2021-02-15 23:31:13,0.40160003304481506,0.5807999968528748,1.0852000713348389,0.5187000632286072,0.18770000338554382,0,1.0159000158309937,0.026600001379847527,1.6144001483917236,0.2232000082731247
2021-02-15 23:45:37,0.3427000343799591,0.6279000639915466,0.749500036239624,0.48360002040863037,0.1688000112771988,0,1.0781000852584839,0.024700002744793892,1.4962002038955688,0.26430001854896545
2021-02-16 00:00:01,0.3377000391483307,0.6012000441551208,0.8051000833511353,0.48280003666877747,0.1681000143289566,0,1.0643000602722168,0.026600001379847527,1.48770010471344,0.25620001554489136
2021-02-16 00:14:25,0.3076000213623047,0.571600079536438,0.8833000063896179,0.5149000287055969,0.2079000174999237,0,1.0040000677108765,0.024700002744793892,1.5833001136779785,0.22190001606941223
2021-02-16 00:28:49,0.3241000175476074,0.6043000221252441,0.8308000564575195,0.5103999972343445,0.19030001759529114,0,1.061400055885315,0.026600001379847527,1.5770000219345093,0.2645000219345093
2021-02-16 00:43:13,0.3094000220298767,0.560200035572052,0.8997000455856323,0.4824000298976898,0.16830001771450043,0,1.013700008392334,0.024700002744793892,1.4681000709533691,0.21940001845359802
2021-02-16 00:57:37,0.3052000403404236,0.5892000198364258,0.8622000813484192,0.4864000082015991,0.18080000579357147,0,1.0749000310897827,0.024700002744793892,1.5830000638961792,0.2224000245332718
2021-02-16 01:12:01,0.32830002903938293,0.557900071144104,0.9176000952720642,0.5072000622749329,0.1673000156879425,0,1.0099000930786133,0.026600001379847527,1.44350004196167,0.2592000365257263
2021-02-16 01:26:25,0.3290000259876251,0.5624000430107117,0.8663000464439392,0.5058000683784485,0.1681000143289566,0,1.0809000730514526,0.026600001379847527,1.5852001905441284,0.22110001742839813
2021-02-16 01:40:49,0.3085000216960907,0.5887000560760498,0.9408000111579895,0.48600003123283386,0.1771000176668167,0,1.0101001262664795,0.024700002744793892,1.4574000835418701,0.25770002603530884
2021-02-16 01:55:13,0.3181000351905823,0.5944000482559204,0.9762000441551208,0.49890002608299255,0.16740001738071442,0,1.0522000789642334,0.024700002744793892,1.5309001207351685,0.20890001952648163
2021-02-16 02:09:37,0.2906000316143036,0.5498000383377075,0.90010005235672,0.4645000100135803,0.1875000149011612,0,0.997200071811676,0.026600001379847527,1.4450000524520874,0.23420000076293945
2021-02-16 02:24:01,0.28850001096725464,0.5777000188827515,0.9495000243186951,0.47060003876686096,0.18700000643730164,0,1.0795999765396118,0.024800002574920654,1.4240000247955322,0.21000000834465027
2021-02-16 02:38:25,0.3050000071525574,0.5432000160217285,0.9003000259399414,0.4962000250816345,0.16920000314712524,0,1.023400068283081,0.026600001379847527,1.523400068283081,0.24500000476837158
2021-02-16 02:52:49,0.2908000349998474,0.5432000160217285,0.960800051689148,0.49470004439353943,0.16850000619888306,0,1.0033000707626343,0.02670000120997429,1.3889000415802002,0.22590002417564392
2021-02-16 03:07:13,0.30580002069473267,0.5792999863624573,0.8899000883102417,0.47600001096725464,0.18230001628398895,0,1.0718001127243042,0.024800002574920654,1.5169000625610352,0.19270001351833344
2021-02-16 03:21:37,0.29090002179145813,0.5773000121116638,0.9701001048088074,0.49320003390312195,0.16830001771450043,0,1.0674000978469849,0.024900000542402267,1.5177001953125,0.1933000087738037
2021-02-16 03:36:01,0.3063000440597534,0.5432000160217285,0.9052000641822815,0.474200040102005,0.18010000884532928,0,1.0159000158309937,0.02670000120997429,1.404400110244751,0.2388000190258026
2021-02-16 03:50:25,0.28839999437332153,0.5658000111579895,0.8708000183105469,0.4709000289440155,0.16930000483989716,0,1.0216001272201538,0.02670000120997429,1.5169000625610352,0.19460001587867737
2021-02-16 04:04:49,0.30300000309944153,0.5384000539779663,0.982900083065033,0.4905000329017639,0.18000000715255737,0,1.078700065612793,0.024800002574920654,1.40090012550354,0.23090001940727234
2021-02-16 04:19:13,0.286700040102005,0.5418000221252441,0.9386000633239746,0.4701000154018402,0.1689000129699707,0,1.0775001049041748,0.024700002744793892,1.4189001321792603,0.21720001101493835
2021-02-16 04:33:37,0.30580002069473267,0.5645000338554382,0.9885000586509705,0.49150002002716064,0.18150000274181366,0,1.023800015449524,0.026600001379847527,1.5210000276565552,0.23340001702308655
2021-02-16 04:48:01,0.2892000377178192,0.5417000651359558,0.9557000398635864,0.4918000400066376,0.17930001020431519,0,1.0713001489639282,0.024700002744793892,1.3749001026153564,0.24470001459121704
2021-02-16 05:02:25,0.3482000231742859,0.5644000768661499,1.0873000621795654,0.4709000289440155,0.16840001940727234,0,1.0136001110076904,0.026600001379847527,1.55430006980896,0.21250000596046448
2021-02-16 05:16:49,0.3394000232219696,0.5687000155448914,1.0308001041412354,0.48830005526542664,0.18280000984668732,0,1.0836000442504883,0.026600001379847527,1.564000129699707,0.2168000191450119
2021-02-16 05:31:13,0.37700000405311584,0.5437000393867493,1.0754001140594482,0.4703000485897064,0.16600000858306885,0,1.0199000835418701,0.024800002574920654,1.4744000434875488,0.24960002303123474
2021-02-16 05:45:37,0.3498000204563141,0.5606000423431396,1.0378000736236572,0.4759000241756439,0.1641000211238861,0,1.0293000936508179,0.026600001379847527,1.6257001161575317,0.22290001809597015
2021-02-16 06:00:01,0.4228000342845917,0.536300003528595,1.097599983215332,0.5103999972343445,0.23040002584457397,0,1.0785000324249268,0.024700002744793892,1.4596000909805298,0.27160000801086426
2021-02-16 06:14:25,0.3700000047683716,0.5396000742912292,1.0367001295089722,0.5087000131607056,0.23170000314712524,0,1.0384000539779663,0.026600001379847527,1.605700135231018,0.2678000330924988
2021-02-16 06:28:49,0.41130003333091736,0.5754000544548035,1.1021000146865845,0.4816000163555145,0.24970000982284546,0,1.0977001190185547,0.024800002574920654,1.4871000051498413,0.23290002346038818
2021-02-16 06:43:13,0.40890002250671387,0.5462000370025635,1.106200098991394,0.49070003628730774,0.2436000108718872,0,1.1049001216888428,0.026600001379847527,1.4845000505447388,0.23510001599788666
2021-02-16 06:57:37,0.373600035905838,0.5715000033378601,1.0486000776290894,0.5116000175476074,0.3084000051021576,0,1.051900029182434,0.024800002574920654,1.6420000791549683,0.2768000364303589
2021-02-16 07:12:01,0.3688000440597534,0.5498000383377075,1.0399000644683838,0.4886000156402588,0.29260000586509705,0,1.1010000705718994,0.02670000120997429,1.6463000774383545,0.23970000445842743
2021-02-16 07:26:25,0.4058000445365906,0.5720000267028809,1.0977001190185547,0.5156000852584839,0.2672000229358673,0,1.0321000814437866,0.023100001737475395,1.494800090789795,0.2184000164270401
2021-02-16 07:40:49,0.40570002794265747,0.5532000660896301,1.081300139427185,0.5092000365257263,0.26820001006126404,0,1.1064001321792603,0.023000001907348633,1.619300127029419,0.2600000202655792
2021-02-16 07:55:13,0.3711000382900238,0.5853000283241272,1.0368001461029053,0.4864000082015991,0.2836000323295593,0,1.0134000778198242,0.024900000542402267,1.4317001104354858,0.20490002632141113
2021-02-16 08:09:37,0.3713000416755676,0.5541000366210938,1.0075000524520874,0.4873000383377075,0.281000018119812,0,1.083700180053711,0.024900000542402267,1.4622001647949219,0.21660001575946808
2021-02-16 08:24:01,0.40460002422332764,0.6249000430107117,1.1009000539779663,0.5135000348091125,0.2698000371456146,0,1.0149000883102417,0.023100001737475395,1.5868000984191895,0.30420002341270447
2021-02-16 08:38:25,0.37040001153945923,0.5702000260353088,1.0613001585006714,0.5110000371932983,0.23910002410411835,0,1.094099998474121,0.023100001737475395,1.4817001819610596,0.24330002069473267
2021-02-16 08:52:49,0.4050000309944153,0.6533000469207764,0.9906001091003418,0.4857000410556793,0.2892000377178192,0,1.0071001052856445,0.02500000037252903,1.6151000261306763,0.21700000762939453
2021-02-16 09:07:13,0.3725000321865082,0.6630000472068787,1.0089000463485718,0.48580002784729004,0.23900000751018524,0,1.0914000272750854,0.023100001737475395,1.4472001791000366,0.21410001814365387
2021-02-16 09:21:37,0.40420001745224,0.6365000009536743,1.049800157546997,0.5033000707626343,0.2711000144481659,0,0.9875000715255737,0.024900000542402267,1.5670000314712524,0.32100000977516174
2021-02-16 09:36:01,0.37550002336502075,0.6442000269889832,1.0144001245498657,0.5430000424385071,0.2827000319957733,0,1.0891000032424927,0.02500000037252903,1.5810000896453857,0.2572000324726105
2021-02-16 09:50:25,0.41130003333091736,0.6911000609397888,1.0806000232696533,0.4815000295639038,0.24180001020431519,0,1.002500057220459,0.023100001737475395,1.4325001239776611,0.22220000624656677
2021-02-16 10:04:49,0.4102000296115875,0.6448000073432922,1.050800085067749,0.4970000088214874,0.256600022315979,0,1.0001001358032227,0.023100001737475395,1.6172001361846924,0.25200000405311584
2021-02-16 10:19:13,0.367000013589859,0.6728000044822693,0.9904000759124756,0.480400025844574,0.23980002105236053,0,1.0843000411987305,0.02500000037252903,1.4413001537322998,0.22100001573562622
2021-02-16 10:33:37,0.3717000186443329,0.6556000709533691,0.9981001019477844,0.5147000551223755,0.23680001497268677,0,1.0186001062393188,0.02500000037252903,1.403800129890442,0.21790002286434174
2021-02-16 10:48:01,0.4067000448703766,0.687000036239624,1.0599000453948975,0.4780000150203705,0.24870000779628754,0,1.0705000162124634,0.023000001907348633,1.5674000978469849,0.2559000253677368
2021-02-16 11:02:25,0.36480003595352173,0.7201000452041626,1.0665000677108765,0.48170003294944763,0.23560002446174622,0,1.0480000972747803,0.023000001907348633,1.452200174331665,0.2516000270843506
2021-02-16 11:16:49,0.4035000205039978,0.6684000492095947,0.9803000092506409,0.5212000608444214,0.2616000175476074,0,0.9758000373840332,0.024900000542402267,1.6063001155853271,0.2193000167608261
2021-02-16 11:31:13,0.36160001158714294,0.6792000532150269,1.0041000843048096,0.473300039768219,0.24810001254081726,0,1.0433001518249512,0.023000001907348633,1.5905001163482666,0.21980001032352448
2021-02-16 11:45:37,0.4010000228881836,0.7206000685691833,1.062000036239624,0.4905000329017639,0.23650000989437103,0,0.9768000245094299,0.024900000542402267,1.3767001628875732,0.25040000677108765
2021-02-16 12:00:01,0.3580000102519989,0.7197999954223633,1.0830000638961792,0.49980005621910095,0.2476000189781189,0,0.9932000637054443,0.023000001907348633,1.3645000457763672,0.2607000172138214
2021-02-16 12:14:25,0.3995000123977661,0.6632000207901001,1.003000020980835,0.47520002722740173,0.23680001497268677,0,1.0444000959396362,0.024900000542402267,1.5665000677108765,0.2209000140428543
2021-02-16 12:28:49,0.39640000462532043,0.6708000302314758,1.0523000955581665,0.47140002250671387,0.25270000100135803,0,1.0349000692367554,0.023000001907348633,1.3977001905441284,0.2729000151157379
2021-02-16 12:43:13,0.35750001668930054,0.7334000468254089,0.9861000776290894,0.5059000253677368,0.2371000200510025,0,0.959100067615509,0.024800002574920654,1.5537000894546509,0.2184000164270401
2021-02-16 12:57:37,0.36810001730918884,0.688200056552887,0.987000048160553,0.5046000480651855,0.24820001423358917,0,0.9780000448226929,0.024900000542402267,1.5806000232696533,0.22020000219345093
2021-02-16 13:12:01,0.39650002121925354,0.7351000905036926,1.0417001247406006,0.46070003509521484,0.23660001158714294,0,1.0470000505447388,0.02290000021457672,1.3572001457214355,0.25360003113746643
2021-02-16 13:26:25,0.3615000247955322,0.738800048828125,1.0712001323699951,0.5108000636100769,0.25140002369880676,0,0.9732000827789307,0.023000001907348633,1.3757001161575317,0.2234000265598297
2021-02-16 13:40:49,0.3987000286579132,0.6948000192642212,0.9825000762939453,0.4739000201225281,0.2355000078678131,0,1.0430001020431519,0.024900000542402267,1.6277002096176147,0.2568000257015228
2021-02-16 13:55:13,0.417900025844574,0.7334000468254089,0.9782000780105591,0.5200000405311584,0.23850001394748688,0,1.050300121307373,0.023000001907348633,1.6151000261306763,0.22060002386569977
2021-02-16 14:09:37,0.3571000099182129,0.6877000331878662,1.0354000329971313,0.4734000265598297,0.27639999985694885,0,1.0009000301361084,0.024900000542402267,1.4468001127243042,0.256600022315979
2021-02-16 14:24:01,0.3564000129699707,0.7423000335693359,1.0773000717163086,0.4952000379562378,0.2704000174999237,0,0.9886000752449036,0.024900000542402267,1.4459000825881958,0.219200000166893
2021-02-16 14:38:25,0.390500009059906,0.6951000690460205,1.0170000791549683,0.47470003366470337,0.25140002369880676,0,1.0569000244140625,0.023000001907348633,1.5986000299453735,0.3095000088214874
2021-02-16 14:52:49,0.3542000353336334,0.738800048828125,1.0749000310897827,0.4660000205039978,0.2502000033855438,0,1.0666000843048096,0.024800002574920654,1.585400104522705,0.25440001487731934
2021-02-16 15:07:13,0.3944000005722046,0.672700047492981,0.9823000431060791,0.5090000033378601,0.26830002665519714,0,0.9928000569343567,0.02290000021457672,1.4468001127243042,0.22100001573562622
2021-02-16 15:21:37,0.391400009393692,0.6906000971794128,0.985200047492981,0.4767000377178192,0.24780000746250153,0,0.9891000986099243,0.02290000021457672,1.4378001689910889,0.2653999924659729
2021-02-16 15:36:01,0.3483999967575073,0.7206000685691833,1.079300045967102,0.5159000754356384,0.2665000259876251,0,1.0542001724243164,0.024800002574920654,1.6182001829147339,0.21980001032352448
2021-02-16 15:50:25,0.35190001130104065,0.7379000782966614,1.0101001262664795,0.5130000114440918,0.2531000077724457,0,1.0443000793457031,0.02290000021457672,1.5058001279830933,0.249300017952919
2021-02-16 16:04:49,0.3944000005722046,0.6858000159263611,1.085800051689148,0.4807000458240509,0.2653999924659729,0,0.9738000631332397,0.024700002744793892,1.6488001346588135,0.2234000265598297
2021-02-16 16:19:13,0.39030003547668457,0.6956000924110413,1.0730000734329224,0.4846000373363495,0.27180004119873047,0,0.9731000661849976,0.024800002574920654,1.4723001718521118,0.2240000069141388
2021-02-16 16:33:37,0.3540000021457672,0.7362000346183777,1.0226000547409058,0.5078999996185303,0.2531999945640564,0,1.049800157546997,0.02290000021457672,1.6662001609802246,0.266400009393692
2021-02-16 16:48:01,0.3927000164985657,0.7653000354766846,1.0107001066207886,0.4725000262260437,0.26670002937316895,0,1.0587000846862793,0.02290000021457672,1.6501001119613647,0.22190001606941223
2021-02-16 17:02:25,0.3566000163555145,0.6887000203132629,1.0845000743865967,0.5128000378608704,0.23510001599788666,0,0.968500018119812,0.024800002574920654,1.459900140762329,0.25360003113746643
2021-02-16 17:16:49,0.39500001072883606,0.7321000695228577,1.1233000755310059,0.4755000174045563,0.23530001938343048,0,0.97760009765625,0.024800002574920654,1.468500018119812,0.2603999972343445
2021-02-16 17:31:13,0.3612000346183777,0.689300000667572,1.003000020980835,0.5031000375747681,0.24770000576972961,0,1.0512001514434814,0.02290000021457672,1.7021000385284424,0.21730001270771027
2021-02-16 17:45:37,0.39640000462532043,0.6839000582695007,1.1162000894546509,0.4797000288963318,0.2461000233888626,0,1.074700117111206,0.02290000021457672,1.6458001136779785,0.26680001616477966
2021-02-16 18:00:01,0.359000027179718,0.7258000373840332,1.0482001304626465,0.5154000520706177,0.20160001516342163,0,1.0044000148773193,0.026600001379847527,1.506600022315979,0.2225000113248825
2021-02-16 18:14:25,0.40139999985694885,0.6742000579833984,1.037000060081482,0.468500018119812,0.2006000131368637,0,1.089400053024292,0.024800002574920654,1.4876000881195068,0.22500000894069672
2021-02-16 18:28:49,0.3637000322341919,0.7208000421524048,1.115700125694275,0.5163000226020813,0.2232000082731247,0,1.0074000358581543,0.026600001379847527,1.6754001379013062,0.27080002427101135
2021-02-16 18:43:13,0.3919000029563904,0.7391000986099243,1.1068000793457031,0.48500001430511475,0.23740002512931824,0,1.0088000297546387,0.026600001379847527,1.6855000257492065,0.2233000099658966
2021-02-16 18:57:37,0.359000027179718,0.6884000301361084,1.0098000764846802,0.5038999915122986,0.20590001344680786,0,1.0714000463485718,0.024800002574920654,1.5012001991271973,0.2673000395298004
2021-02-16 19:12:01,0.3936000168323517,0.6779000759124756,1.0323001146316528,0.5113000273704529,0.20600001513957977,0,1.0652000904083252,0.024900000542402267,1.5281000137329102,0.22140002250671387
2021-02-16 19:26:25,0.36090001463890076,0.7405000329017639,1.0749000310897827,0.48750001192092896,0.22420001029968262,0,1.0098000764846802,0.02670000120997429,1.7289000749588013,0.2680000066757202
2021-02-16 19:40:49,0.3948000371456146,0.6827000379562378,1.0157999992370605,0.5204000473022461,0.2209000140428543,0,1.0529000759124756,0.024800002574920654,1.6920000314712524,0.2737000286579132
2021-02-16 19:55:13,0.35989999771118164,0.7235000133514404,1.0748001337051392,0.47300001978874207,0.20430001616477966,0,0.9929000735282898,0.02670000120997429,1.5365999937057495,0.21820001304149628
2021-02-16 20:09:37,0.36410000920295715,0.7055000066757202,1.0624001026153564,0.4881000220775604,0.21790002286434174,0,1.0001001358032227,0.02670000120997429,1.5916000604629517,0.25440001487731934
2021-02-16 20:24:01,0.3977000415325165,0.6622000336647034,1.0089000463485718,0.5028000473976135,0.20560002326965332,0,1.0529000759124756,0.024900000542402267,1.7812001705169678,0.22140002250671387
2021-02-16 20:38:25,0.3611000180244446,0.6758000254631042,0.9843000173568726,0.5033000707626343,0.22550001740455627,0,0.9970000386238098,0.024800002574920654,1.6982001066207886,0.2661000192165375
2021-02-16 20:52:49,0.395300030708313,0.6591000556945801,1.046800136566162,0.4864000082015991,0.2063000202178955,0,1.053200125694275,0.02670000120997429,1.5150001049041748,0.2240000069141388
2021-02-16 21:07:13,0.3499000072479248,0.6736000776290894,1.005600094795227,0.4839000105857849,0.22180001437664032,0,1.057400107383728,0.024800002574920654,1.6108001470565796,0.22220000624656677
2021-02-16 21:21:37,0.38780003786087036,0.6397000551223755,1.0636000633239746,0.5151000618934631,0.20419999957084656,0,1.0042999982833862,0.02670000120997429,1.7583001852035522,0.25370001792907715
2021-02-16 21:36:01,0.3871000111103058,0.6285000443458557,1.0912001132965088,0.48600003123283386,0.2314000129699707,0,1.06850004196167,0.024800002574920654,1.6760001182556152,0.22190001606941223
2021-02-16 21:50:25,0.3547000288963318,0.6672000288963318,1.0216001272201538,0.5060000419616699,0.2063000202178955,0,1.005600094795227,0.026600001379847527,1.5179001092910767,0.2631000280380249
2021-02-16 22:04:49,0.38780003786087036,0.6314000487327576,1.075200080871582,0.4839000105857849,0.21640001237392426,0,1.0012000799179077,0.024800002574920654,1.5874000787734985,0.22200001776218414
2021-02-16 22:19:13,0.3505000174045563,0.6693000197410583,1.0220000743865967,0.49900001287460327,0.20470000803470612,0,1.0583001375198364,0.02670000120997429,1.6834001541137695,0.25550001859664917
2021-02-16 22:33:37,0.3547000288963318,0.6739000678062439,1.0535000562667847,0.5015000104904175,0.20470000803470612,0,1.071700096130371,0.026600001379847527,1.5139000415802002,0.25200000405311584
2021-02-16 22:48:01,0.39080002903938293,0.636400043964386,1.0073000192642212,0.48270004987716675,0.21700000762939453,0,0.9927000403404236,0.024800002574920654,1.6370000839233398,0.22360001504421234
2021-02-16 23:02:25,0.35190001130104065,0.6526000499725342,1.057800054550171,0.5002000331878662,0.20350000262260437,0,0.9971000552177429,0.024700002744793892,1.6200001239776611,0.2597000300884247
2021-02-16 23:16:49,0.39330002665519714,0.6300000548362732,1.0089000463485718,0.4879000186920166,0.21640001237392426,0,1.0430001020431519,0.026600001379847527,1.5393000841140747,0.22040002048015594
2021-02-16 23:31:13,0.3872000277042389,0.6513000130653381,1.0547001361846924,0.482200026512146,0.2046000212430954,0,1.0561000108718872,0.024700002744793892,1.4797000885009766,0.262300044298172
2021-02-16 23:45:37,0.3392000198364258,0.6175000071525574,0.7449000477790833,0.49640002846717834,0.22110001742839813,0,1.0003000497817993,0.026500001549720764,1.6384000778198242,0.22390002012252808
2021-02-17 00:00:01,0.3321000337600708,0.6414000391960144,0.8080000281333923,0.5004000067710876,0.20350000262260437,0,0.9915000200271606,0.024700002744793892,1.5998001098632812,0.2628999948501587
2021-02-17 00:14:25,0.30420002341270447,0.6030000448226929,0.8753000497817993,0.48340001702308655,0.21730001270771027,0,1.047200083732605,0.026600001379847527,1.4656000137329102,0.22190001606941223
2021-02-17 00:28:49,0.32010000944137573,0.6135000586509705,0.8908000588417053,0.48510003089904785,0.2013000100851059,0,1.0493000745773315,0.026600001379847527,1.4440001249313354,0.22150000929832458
2021-02-17 00:43:13,0.302700012922287,0.6399000287055969,0.8390000462532043,0.5008000135421753,0.21530000865459442,0,0.9942000508308411,0.024700002744793892,1.584700107574463,0.2578999996185303
2021-02-17 00:57:37,0.3205000162124634,0.6140000224113464,0.8391000628471375,0.4837000370025635,0.2289000153541565,0,1.0356000661849976,0.026500001549720764,1.5778001546859741,0.21950000524520874
2021-02-17 01:12:01,0.3028000295162201,0.6391000747680664,0.907200038433075,0.49830004572868347,0.20610001683235168,0,0.9913000464439392,0.024700002744793892,1.4469001293182373,0.2461000233888626
2021-02-17 01:26:25,0.32120001316070557,0.6414000391960144,0.8627000451087952,0.5016000270843506,0.2175000160932541,0,0.9629000425338745,0.024700002744793892,1.4475001096725464,0.2175000160932541
2021-02-17 01:40:49,0.30150002241134644,0.611299991607666,0.9600000381469727,0.48000001907348633,0.20350000262260437,0,1.03000009059906,0.026500001549720764,1.5828001499176025,0.2468000203371048
2021-02-17 01:55:13,0.2850000262260437,0.6452000141143799,0.9241001009941101,0.4903000295162201,0.203000009059906,0,1.0434000492095947,0.024800002574920654,1.571600079536438,0.24490001797676086
2021-02-17 02:09:37,0.31770002841949463,0.6034000515937805,1.0188000202178955,0.4642000198364258,0.21740001440048218,0,0.9831000566482544,0.02670000120997429,1.3802001476287842,0.20610001683235168
2021-02-17 02:24:01,0.30390000343322754,0.6321000456809998,0.9993000626564026,0.47870004177093506,0.19940002262592316,0,0.9669000506401062,0.024800002574920654,1.40090012550354,0.20580001175403595
2021-02-17 02:38:25,0.28630003333091736,0.6048000454902649,0.9129000902175903,0.4628000259399414,0.21380001306533813,0,1.0378000736236572,0.02670000120997429,1.5109001398086548,0.26500001549720764
2021-02-17 02:52:49,0.28860002756118774,0.6249000430107117,0.8835000395774841,0.4674000144004822,0.20230001211166382,0,1.0463000535964966,0.024900000542402267,1.513100028038025,0.22440001368522644
2021-02-17 03:07:13,0.31850001215934753,0.5985000133514404,0.9669000506401062,0.4903000295162201,0.2078000158071518,0,0.9789000749588013,0.02670000120997429,1.352500081062317,0.18770000338554382
2021-02-17 03:21:37,0.29920002818107605,0.5951000452041626,0.8795000314712524,0.48010003566741943,0.21790002286434174,0,1.055999994277954,0.024900000542402267,1.3766000270843506,0.1923000067472458
2021-02-17 03:36:01,0.31370002031326294,0.6202999949455261,0.9498000144958496,0.46820002794265747,0.20320001244544983,0,0.9843000173568726,0.0268000029027462,1.499500036239624,0.2305000126361847
2021-02-17 03:50:25,0.2982000410556793,0.5932000279426575,0.8557000756263733,0.5200000405311584,0.2339000254869461,0,0.9851000905036926,0.024900000542402267,1.487200140953064,0.19310002028942108
2021-02-17 04:04:49,0.3168000280857086,0.6214000582695007,0.971500039100647,0.4669000208377838,0.20250001549720764,0,1.0463000535964966,0.0268000029027462,1.3540000915527344,0.24010001122951508
2021-02-17 04:19:13,0.3307000398635864,0.5903000235557556,0.9810000658035278,0.5182999968528748,0.21820001304149628,0,1.0429000854492188,0.024900000542402267,1.4073001146316528,0.20410001277923584
2021-02-17 04:33:37,0.2996000349521637,0.6185000538825989,0.9344000816345215,0.4603000283241272,0.20280000567436218,0,0.9760000705718994,0.0268000029027462,1.5505000352859497,0.23640002310276031
2021-02-17 04:48:01,0.3035000264644623,0.5947999954223633,0.9470000267028809,0.4821000397205353,0.20310001075267792,0,0.9823000431060791,0.0268000029027462,1.4991000890731812,0.24900001287460327
2021-02-17 05:02:25,0.3726000189781189,0.6395000219345093,1.0857001543045044,0.46410003304481506,0.2143000066280365,0,1.0380001068115234,0.024900000542402267,1.6105999946594238,0.21170000731945038
2021-02-17 05:16:49,0.34550002217292786,0.5981000661849976,1.0810999870300293,0.4829000234603882,0.21850000321865082,0,1.0459001064300537,0.02460000105202198,1.6009000539779663,0.21250000596046448
2021-02-17 05:31:13,0.38680005073547363,0.6173000335693359,1.0332001447677612,0.4651000201702118,0.1988000124692917,0,0.9920000433921814,0.02670000120997429,1.485300064086914,0.25600001215934753
2021-02-17 05:45:37,0.3491000235080719,0.6231000423431396,1.0967000722885132,0.46310001611709595,0.21370001137256622,0,1,0.024900000542402267,1.495400071144104,0.2592000365257263
2021-02-17 06:00:01,0.3995000123977661,0.599600076675415,1.0307000875473022,0.49410003423690796,0.19870001077651978,0,1.063900113105774,0.0268000029027462,1.6201000213623047,0.2224000245332718
2021-02-17 06:14:25,0.4174000024795532,0.5943000316619873,1.0144001245498657,0.4821000397205353,0.1981000155210495,0,1.00600004196167,0.024900000542402267,1.659000039100647,0.22150000929832458
2021-02-17 06:28:49,0.36990001797676086,0.6226000785827637,1.0789999961853027,0.49810004234313965,0.21620000898838043,0,1.0744000673294067,0.02670000120997429,1.5541000366210938,0.262300044298172
2021-02-17 06:43:13,0.40810003876686096,0.6029000282287598,1.0109000205993652,0.497700035572052,0.20200000703334808,0,1.013100028038025,0.024900000542402267,1.5252001285552979,0.25780004262924194
2021-02-17 06:57:37,0.3725000321865082,0.6409000754356384,1.0649000406265259,0.480400025844574,0.24130001664161682,0,1.088900089263916,0.02670000120997429,1.6624001264572144,0.22990001738071442
2021-02-17 07:12:01,0.4067000448703766,0.6046000719070435,1.0273001194000244,0.4974000155925751,0.2435000091791153,0,1.1112000942230225,0.024900000542402267,1.5190000534057617,0.224900022149086
2021-02-17 07:26:25,0.3760000169277191,0.6292999982833862,1.1257001161575317,0.4808000326156616,0.23010002076625824,0,1.031599998474121,0.02670000120997429,1.67520010471344,0.2556000053882599
2021-02-17 07:40:49,0.36730003356933594,0.6048000454902649,1.1711000204086304,0.5089000463485718,0.2581000328063965,0,1.013100028038025,0.02670000120997429,1.5974000692367554,0.2549000084400177
2021-02-17 07:55:13,0.40470004081726074,0.6462000608444214,1.078200101852417,0.4765000343322754,0.22840002179145813,0,1.0893001556396484,0.024900000542402267,1.6986000537872314,0.21090002357959747
2021-02-17 08:09:37,0.36510002613067627,0.664400041103363,1.0799000263214111,0.47350001335144043,0.23800000548362732,0,0.9885000586509705,0.02670000120997429,1.6729000806808472,0.22130002081394196
2021-02-17 08:24:01,0.3963000476360321,0.6227999925613403,1.1296000480651855,0.49570003151893616,0.22530001401901245,0,1.061500072479248,0.023000001907348633,1.5603001117706299,0.2542000114917755
2021-02-17 08:38:25,0.3713000416755676,0.6261000633239746,1.1632001399993896,0.4789000153541565,0.22800001502037048,0,0.9877000451087952,0.023000001907348633,1.7197000980377197,0.2208000123500824
2021-02-17 08:52:49,0.406000018119812,0.6672000288963318,1.075600028038025,0.49570003151893616,0.2524999976158142,0,1.0693000555038452,0.024900000542402267,1.5942001342773438,0.3119000196456909
2021-02-17 09:07:13,0.40730002522468567,0.6710000038146973,1.1384000778198242,0.5175000429153442,0.22830002009868622,0,1.0387001037597656,0.023000001907348633,1.694100022315979,0.21810001134872437
2021-02-17 09:21:37,0.3696000277996063,0.630600094795227,1.0755000114440918,0.4780000150203705,0.242000013589859,0,0.9874000549316406,0.02500000037252903,1.5483001470565796,0.2541000247001648
2021-02-17 09:36:01,0.371800035238266,0.6342000365257263,1.0673000812530518,0.47930005192756653,0.2290000170469284,0,0.9827000498771667,0.023100001737475395,1.6670000553131104,0.2290000170469284
2021-02-17 09:50:25,0.40070003271102905,0.6699000597000122,1.132099986076355,0.5297000408172607,0.24150000512599945,0,1.0730000734329224,0.024900000542402267,1.5536000728607178,0.2167000025510788
2021-02-17 10:04:49,0.40050002932548523,0.6337000131607056,1.025300145149231,0.4772000312805176,0.24630001187324524,0,0.9900000691413879,0.024900000542402267,1.678300142288208,0.281000018119812
2021-02-17 10:19:13,0.3614000082015991,0.678100049495697,1.1105000972747803,0.5125000476837158,0.22780001163482666,0,1.0577001571655273,0.023100001737475395,1.5575001239776611,0.22110001742839813
2021-02-17 10:33:37,0.3595000207424164,0.6506000757217407,1.0309001207351685,0.48340001702308655,0.2272000014781952,0,1.0124000310897827,0.02500000037252903,1.4640001058578491,0.24990002810955048
2021-02-17 10:48:01,0.40060001611709595,0.7073000073432922,1.117400050163269,0.5161000490188599,0.24800001084804535,0,1.0724000930786133,0.023100001737475395,1.7039000988006592,0.21790002286434174
2021-02-17 11:02:25,0.3960000276565552,0.6553000211715698,1.1009000539779663,0.5049999952316284,0.24220000207424164,0,1.0942001342773438,0.024900000542402267,1.709900140762329,0.2542000114917755
2021-02-17 11:16:49,0.3645000159740448,0.706000030040741,1.0471000671386719,0.4857000410556793,0.22510001063346863,0,0.9757000803947449,0.023000001907348633,1.5786000490188599,0.21850000321865082
2021-02-17 11:31:13,0.3676000237464905,0.6884000301361084,1.044100046157837,0.5196000337600708,0.2248000204563141,0,1.0754001140594482,0.023000001907348633,1.6944000720977783,0.22130002081394196
2021-02-17 11:45:37,0.40310001373291016,0.6522000432014465,1.108700156211853,0.48260003328323364,0.23600001633167267,0,0.9808000326156616,0.024900000542402267,1.5773000717163086,0.2916000187397003
2021-02-17 12:00:01,0.36480003595352173,0.7115000486373901,1.1050000190734863,0.5491000413894653,0.24220000207424164,0,1.061900019645691,0.023000001907348633,1.6298000812530518,0.21620000898838043
2021-02-17 12:14:25,0.40070003271102905,0.6451000571250916,1.0456000566482544,0.48330003023147583,0.22500000894069672,0,0.9978000521659851,0.025700002908706665,1.518200159072876,0.26190000772476196
2021-02-17 12:28:49,0.37050002813339233,0.6986000537872314,1.038100004196167,0.5021000504493713,0.22390002012252808,0,1.0695000886917114,0.024900000542402267,1.6781001091003418,0.21370001137256622
2021-02-17 12:43:13,0.397100031375885,0.6457000374794006,1.1069000959396362,0.4839000105857849,0.2355000078678131,0,0.9868000149726868,0.023100001737475395,1.5443000793457031,0.24820001423358917
2021-02-17 12:57:37,0.40150001645088196,0.6950000524520874,1.0565000772476196,0.4797000288963318,0.22550001740455627,0,1.0825999975204468,0.02500000037252903,1.6343001127243042,0.217600017786026
2021-02-17 13:12:01,0.3695000112056732,0.6500000357627869,1.1322001218795776,0.546500027179718,0.24260002374649048,0,0.9955000281333923,0.023100001737475395,1.4885001182556152,0.25390002131462097
2021-02-17 13:26:25,0.366100013256073,0.6388000249862671,1.147200107574463,0.483100026845932,0.24240002036094666,0,0.9768000245094299,0.02590000070631504,1.671200156211853,0.22100001573562622
2021-02-17 13:40:49,0.42160001397132874,0.6726000905036926,1.0335999727249146,0.5462999939918518,0.2240000069141388,0,1.0635000467300415,0.023000001907348633,1.5519001483917236,0.24990002810955048
2021-02-17 13:55:13,0.36490002274513245,0.6439000368118286,1.0220000743865967,0.48190000653266907,0.226500004529953,0,1.0587000846862793,0.023000001907348633,1.5608000755310059,0.21880000829696655
2021-02-17 14:09:37,0.40070003271102905,0.6983000040054321,1.092400074005127,0.52920001745224,0.2395000159740448,0,0.9912000298500061,0.024900000542402267,1.671600103378296,0.24820001423358917
2021-02-17 14:24:01,0.40290001034736633,0.681100070476532,1.0522000789642334,0.4821000397205353,0.23980002105236053,0,1.058000087738037,0.023000001907348633,1.6390000581741333,0.256600022315979
2021-02-17 14:38:25,0.36910003423690796,0.6431000828742981,1.1110000610351562,0.5161000490188599,0.2241000235080719,0,0.9909000992774963,0.024900000542402267,1.4575999975204468,0.21860001981258392
2021-02-17 14:52:49,0.37060001492500305,0.6369000673294067,1.0500000715255737,0.4829000234603882,0.23680001497268677,0,1.0664000511169434,0.023100001737475395,1.4616000652313232,0.22020000219345093
2021-02-17 15:07:13,0.4037000238895416,0.693100094795227,1.1297001838684082,0.509600043296814,0.22220000624656677,0,0.9855000376701355,0.024900000542402267,1.6435000896453857,0.25440001487731934
2021-02-17 15:21:37,0.4041000306606293,0.6939000487327576,1.109200119972229,0.46810004115104675,0.23640002310276031,0,0.9983000159263611,0.024900000542402267,1.5540000200271606,0.22260001301765442
2021-02-17 15:36:01,0.3684000074863434,0.6515000462532043,1.0528000593185425,0.5085000395774841,0.2241000235080719,0,1.0693000555038452,0.023100001737475395,1.623400092124939,0.2751000225543976
2021-02-17 15:50:25,0.3645000159740448,0.6972000598907471,1.0860000848770142,0.5151000618934631,0.22370000183582306,0,0.9871000647544861,0.023000001907348633,1.6364001035690308,0.24210001528263092
2021-02-17 16:04:49,0.4041000306606293,0.6357000470161438,1.025300145149231,0.48190000653266907,0.23970000445842743,0,1.0733001232147217,0.025700002908706665,1.4141000509262085,0.2248000204563141
2021-02-17 16:19:13,0.3597000241279602,0.6431000828742981,1.089900016784668,0.4963000416755676,0.2502000033855438,0,1.0597001314163208,0.024900000542402267,1.605700135231018,0.22700001299381256
2021-02-17 16:33:37,0.39900001883506775,0.6766000390052795,1.0282001495361328,0.46950003504753113,0.22670000791549683,0,1.002500057220459,0.02290000021457672,1.4445000886917114,0.266400009393692
2021-02-17 16:48:01,0.3923000395298004,0.6821000576019287,1.0875999927520752,0.49710002541542053,0.24720001220703125,0,1.0695000886917114,0.022800002247095108,1.3964000940322876,0.22540001571178436
2021-02-17 17:02:25,0.35630002617836,0.6388000249862671,1.0070000886917114,0.4780000150203705,0.2078000158071518,0,0.9887000322341919,0.026100002229213715,1.6114001274108887,0.2735000252723694
2021-02-17 17:16:49,0.3475000262260437,0.6304000616073608,1.0077999830245972,0.4776000380516052,0.20850001275539398,0,0.990100085735321,0.024700002744793892,1.5474001169204712,0.25770002603530884
2021-02-17 17:31:13,0.38680005073547363,0.6837000250816345,1.0749000310897827,0.5405000448226929,0.2435000091791153,0,1.0529000759124756,0.022800002247095108,1.6667001247406006,0.2234000265598297
2021-02-17 17:45:37,0.3687000274658203,0.6507999897003174,1.0528000593185425,0.5106000304222107,0.24090002477169037,0,1.0111000537872314,0.023000001907348633,1.684300184249878,0.2771000266075134
2021-02-17 18:00:01,0.5049999952316284,0.6963000297546387,1.0946000814437866,0.4771000146865845,0.19340002536773682,0,1.0776000022888184,0.0268000029027462,1.4804000854492188,0.23080001771450043
2021-02-17 18:14:25,0.46140000224113464,0.6836000680923462,1.1299000978469849,0.5192999839782715,0.19550001621246338,0,1.0734000205993652,0.02500000037252903,1.5422000885009766,0.23170000314712524
2021-02-17 18:28:49,0.4984000027179718,0.6538000106811523,1.0397001504898071,0.48670002818107605,0.21640001237392426,0,1.003100037574768,0.0268000029027462,1.6450999975204468,0.27570003271102905
2021-02-17 18:43:13,0.4963000416755676,0.6500000357627869,1.0760999917984009,0.5217000246047974,0.2200000137090683,0,1.0557001829147339,0.0268000029027462,1.6528000831604004,0.2678000330924988
2021-02-17 18:57:37,0.4628000259399414,0.6917999982833862,1.0312001705169678,0.488800048828125,0.20240001380443573,0,1.002500057220459,0.02500000037252903,1.544100046157837,0.2339000254869461
2021-02-17 19:12:01,0.4967000484466553,0.6885000467300415,1.0697001218795776,0.5065000057220459,0.2143000066280365,0,1.0073000192642212,0.024900000542402267,1.5113000869750977,0.2754000127315521
2021-02-17 19:26:25,0.46160003542900085,0.6406000852584839,1.0141000747680664,0.4627000391483307,0.20090001821517944,0,1.0565999746322632,0.0268000029027462,1.6554001569747925,0.23500001430511475
2021-02-17 19:40:49,0.5008000135421753,0.6764000654220581,1.0541000366210938,0.47790002822875977,0.20200000703334808,0,1.0701000690460205,0.02510000206530094,1.4748001098632812,0.22870001196861267
2021-02-17 19:55:13,0.45600003004074097,0.6389000415802002,1.0188000202178955,0.5307999849319458,0.2136000096797943,0,1.0008000135421753,0.027100002393126488,1.6192001104354858,0.26830002665519714
2021-02-17 20:09:37,0.5052000284194946,0.6948000192642212,1.0108000040054321,0.48120003938674927,0.20250001549720764,0,1.0049999952316284,0.025200001895427704,1.6618001461029053,0.23240001499652863
2021-02-17 20:24:01,0.4627000391483307,0.6333000063896179,1.1011000871658325,0.4967000484466553,0.22770000994205475,0,1.05840003490448,0.02720000222325325,1.5166000127792358,0.27230003476142883
2021-02-17 20:38:25,0.45980003476142883,0.6201000809669495,1.0799000263214111,0.48120003938674927,0.20350000262260437,0,1.0654001235961914,0.025300001725554466,1.5317001342773438,0.27639999985694885
2021-02-17 20:52:49,0.4963000416755676,0.6664000749588013,1.023400068283081,0.5047000646591187,0.2201000154018402,0,1.0075000524520874,0.02720000222325325,1.6249001026153564,0.23440001904964447
2021-02-17 21:07:13,0.4561000168323517,0.618600070476532,1.0136001110076904,0.501300036907196,0.22050000727176666,0,1.0704001188278198,0.02540000155568123,1.6461000442504883,0.26660001277923584
2021-02-17 21:21:37,0.4886000156402588,0.6564000844955444,1.1067001819610596,0.4783000349998474,0.20750001072883606,0,0.9982000589370728,0.027300002053380013,1.5382001399993896,0.23180001974105835
2021-02-17 21:36:01,0.49080005288124084,0.6554000377655029,1.0422000885009766,0.5205000042915344,0.2079000174999237,0,1.002600073814392,0.025300001725554466,1.5937001705169678,0.23270000517368317
2021-02-17 21:50:25,0.46300002932548523,0.6161000728607178,1.11270010471344,0.4788000285625458,0.2216000109910965,0,1.0725001096725464,0.02720000222325325,1.4738000631332397,0.26570001244544983
2021-02-17 22:04:49,0.45680004358291626,0.6166000366210938,1.14680016040802,0.5035000443458557,0.2323000133037567,0,1.0665000677108765,0.02540000155568123,1.4893001317977905,0.2323000133037567
2021-02-17 22:19:13,0.5211000442504883,0.662600040435791,1.0525000095367432,0.4821000397205353,0.2086000144481659,0,0.9915000200271606,0.027300002053380013,1.5975000858306885,0.26190000772476196
2021-02-17 22:33:37,0.45760002732276917,0.6202000379562378,1.0601000785827637,0.4749000072479248,0.2079000174999237,0,1.0705000162124634,0.02550000138580799,1.5834001302719116,0.28139999508857727
2021-02-17 22:48:01,0.5018000602722168,0.677600085735321,1.1085000038146973,0.49490001797676086,0.21990002691745758,0,0.9943000078201294,0.027400000020861626,1.4560999870300293,0.2355000078678131
2021-02-17 23:02:25,0.499500036239624,0.6554000377655029,1.1161000728607178,0.46580004692077637,0.2208000123500824,0,0.9919000864028931,0.02540000155568123,1.4434001445770264,0.27660003304481506
2021-02-17 23:16:49,0.4571000337600708,0.6141000390052795,1.0362001657485962,0.5008000135421753,0.2071000188589096,0,1.0733001232147217,0.028700001537799835,1.587800145149231,0.23680001497268677
2021-02-17 23:31:13,0.5024999976158142,0.6469000577926636,1.0680999755859375,0.49550002813339233,0.20750001072883606,0,1.0729000568389893,0.02810000255703926,1.6038001775741577,0.23420000076293945
2021-02-17 23:45:37,0.44620004296302795,0.6162000298500061,0.7599000334739685,0.4783000349998474,0.2217000126838684,0,0.9920000433921814,0.025300001725554466,1.4577001333236694,0.27010002732276917
2021-02-18 00:00:01,0.44620004296302795,0.6265000104904175,0.7971000671386719,0.48820003867149353,0.21070000529289246,0,0.9920000433921814,0.025300001725554466,1.519800066947937,0.2436000108718872